job_title,headcount,median_comp,mean_comp,min_comp,max_comp,total_payroll
COMMISSIONER OF AVIATION,1,350000.04,350000.04,350000.04,350000.04,350000.04
SUPERINTENDENT OF POLICE,1,284016.0,284016.0,284016.0,284016.0,284016.0
FIRE COMMISSIONER,1,249780.0,249780.0,249780.0,249780.0,249780.0
CORPORATION COUNSEL,1,236868.0,236868.0,236868.0,236868.0,236868.0
COMMISSIONER OF WATER MGMT,1,227988.0,227988.0,227988.0,227988.0,227988.0
COMMISSIONER OF STREETS AND SANITATION,1,227988.0,227988.0,227988.0,227988.0,227988.0
CHIEF INFORMATION OFFICER,1,227976.0,227976.0,227976.0,227976.0,227976.0
FIRST DEPUTY FIRE COMMISSIONER,1,226872.0,226872.0,226872.0,226872.0,226872.0
COMMISSIONER OF CHICAGO PUBLIC LIBRARY,1,223740.0,223740.0,223740.0,223740.0,223740.0
EXEC DIR - OFFICE OF PUBLIC SAFETY ADM,1,223740.0,223740.0,223740.0,223740.0,223740.0
DEPUTY FIRE COMMISSIONER,4,221796.0,221796.0,221796.0,221796.0,887184.0
SUPERINTENDENT'S CHIEF OF STAFF,1,221652.0,221652.0,221652.0,221652.0,221652.0
MAYOR,1,221052.0,221052.0,221052.0,221052.0,221052.0
DEPUTY SUPERINTENDENT,1,220296.0,220296.0,220296.0,220296.0,220296.0
CHIEF,4,219048.0,219048.0,219048.0,219048.0,876192.0
ASST DEPUTY FIRE COMMISSIONER,3,219048.0,219048.0,219048.0,219048.0,657144.0
BUDGET DIR,1,218280.0,218280.0,218280.0,218280.0,218280.0
CHIEF OF STAFF,1,217044.0,217044.0,217044.0,217044.0,217044.0
COMMISSIONER OF TRANSPORTATION,1,215460.0,215460.0,215460.0,215460.0,215460.0
MANAGING DEPUTY CORPORATION COUNSEL,2,214440.0,214440.0,211752.0,217128.0,428880.0
FIRST DEPUTY COMMISSIONER - 41,4,214440.0,211818.0,196740.0,221652.0,847272.0
CITY COMPTROLLER,1,214344.0,214344.0,214344.0,214344.0,214344.0
COMMISSIONER OF PLANNING & DEVELOPMENT,1,214344.0,214344.0,214344.0,214344.0,214344.0
COMMISSIONER OF HUMAN RESOURCES,1,214344.0,214344.0,214344.0,214344.0,214344.0
COMMISSIONER OF FAMILY AND SUPPORT SERVICES,1,213888.0,213888.0,213888.0,213888.0,213888.0
CHIEF LABOR NEGOTIATOR,1,212784.0,212784.0,212784.0,212784.0,212784.0
CHIEF PROCUREMENT OFFICER,1,212724.0,212724.0,212724.0,212724.0,212724.0
DEPUTY FIRE COMMISSIONER / EXEC DIR OF OEMC,1,211848.0,211848.0,211848.0,211848.0,211848.0
CHIEF INFORMATION SECURITY OFFICER,1,211752.0,211752.0,211752.0,211752.0,211752.0
COMMISSIONER OF HOUSING,1,207612.0,207612.0,207612.0,207612.0,207612.0
COMMISSIONER OF FLEET & FACILITY MANAGEMENT,1,207612.0,207612.0,207612.0,207612.0,207612.0
DISTRICT CHIEF,7,205560.0,205560.0,205560.0,205560.0,1438920.0
BATTALION CHIEF-PARAMEDIC,12,205248.0,204753.0,199308.0,205248.0,2457036.0
CHIEF HELICOPTER PILOT-PARAMEDIC,1,205248.0,205248.0,205248.0,205248.0,205248.0
FIRST ASST CORPORATION COUNSEL,1,205200.0,205200.0,205200.0,205200.0,205200.0
HEAD OF PLANNING,1,204516.0,204516.0,204516.0,204516.0,204516.0
HEAD OF SUPPORT,1,204516.0,204516.0,204516.0,204516.0,204516.0
DIR OF CAPS,1,204516.0,204516.0,204516.0,204516.0,204516.0
COMMISSIONER OF BUILDINGS,1,204420.0,204420.0,204420.0,204420.0,204420.0
CHIEF ADMINISTRATOR,1,203532.0,203532.0,203532.0,203532.0,203532.0
DEPUTY CHIEF,15,201048.0,201048.0,201048.0,201048.0,3015720.0
MANAGING DEPUTY COMMISSIONER - 41,16,200970.0,198758.25,164412.0,211752.0,3180132.0
INSPECTOR GENERAL,1,200892.0,200892.0,200892.0,200892.0,200892.0
MEDICAL DIR,6,199800.0,198948.0,194688.0,199800.0,1193688.0
FIRST DEPUTY BUDGET DIR,1,199800.0,199800.0,199800.0,199800.0,199800.0
MANAGING DEPUTY DIR,4,199410.0,199410.0,194688.0,204132.0,797640.0
DIR OF PROFESSIONAL COUNSELING SERVICES,1,199284.0,199284.0,199284.0,199284.0,199284.0
HEAD OF DELIVERY,1,199284.0,199284.0,199284.0,199284.0,199284.0
GENERAL COUNSEL-42,2,199284.0,199284.0,199284.0,199284.0,398568.0
ASST COMMANDING FIRE MARSHAL-EMT,1,197880.0,197880.0,197880.0,197880.0,197880.0
BATTALION CHIEF - EMT,92,197880.0,197694.13043478262,192180.0,197880.0,18187860.0
COMMISSIONER OF BUS AFAIRS AND CONSUMER PROT,1,197820.0,197820.0,197820.0,197820.0,197820.0
FIRST DEPUTY CHIEF OF STAFF,1,197760.0,197760.0,197760.0,197760.0,197760.0
SENIOR ADVISOR TO THE MAYOR,2,196500.0,196500.0,195000.0,198000.0,393000.0
COMMUNICATIONS DIRECTOR,1,195000.0,195000.0,195000.0,195000.0,195000.0
COMMISSIONER OF CULTURAL AFFAIRS/SPEC EVENTS,1,195000.0,195000.0,195000.0,195000.0,195000.0
DEPUTY MAYOR,6,195000.0,194988.0,194928.0,195000.0,1169928.0
FIRST DEPUTY COMMISSIONER,8,194688.0,191173.5,168924.0,199800.0,1529388.0
COMMANDING FIRE MARSHAL,1,193656.0,193656.0,193656.0,193656.0,193656.0
COORD OF AIR MASK SERVICES,1,193656.0,193656.0,193656.0,193656.0,193656.0
CITY PROSECUTOR,1,192852.0,192852.0,192852.0,192852.0,192852.0
DEPUTY DIRECTOR - 42,9,192852.0,187097.33333333334,153000.0,204516.0,1683876.0
DIR OF POLICE RECORDS,1,192852.0,192852.0,192852.0,192852.0,192852.0
DEPUTY CORPORATION COUNSEL,18,192852.0,197356.0,184800.0,216180.0,3552408.0
COMMANDER,38,192240.0,191800.57894736843,181188.0,192240.0,7288422.0
DIR OF ADMINISTRATIVE HEARINGS,1,191736.0,191736.0,191736.0,191736.0,191736.0
ASST DEPUTY CHIEF PARAMEDIC,11,191724.0,191724.0,191724.0,191724.0,2108964.0
DEPUTY DISTRICT CHIEF,18,191724.0,191724.0,191724.0,191724.0,3451032.0
EXECUTIVE DIRECTOR - CCPSA,1,190428.0,190428.0,190428.0,190428.0,190428.0
CHIEF SUSTAINABILITY OFFICER,1,190428.0,190428.0,190428.0,190428.0,190428.0
DEPUTY CHIEF OF STAFF,2,189090.0,189090.0,183180.0,195000.0,378180.0
MANAGING DEPUTY BUDGET DIRECTOR,2,188400.0,188400.0,188400.0,188400.0,376800.0
FIRST DEPUTY PROCUREMENT OFFICER,1,188400.0,188400.0,188400.0,188400.0,188400.0
CAPTAIN-PARAMEDIC,5,187764.0,186648.0,182184.0,187764.0,933240.0
COMMANDER-EMT,4,186984.0,186996.0,181836.0,192180.0,747984.0
BATTALION CHIEF,5,186594.0,186594.0,186594.0,186594.0,932970.0
PARAMEDIC FIELD CHIEF,42,186594.0,185833.85714285713,176292.0,186594.0,7805022.0
CAPTAIN,40,185676.0,181286.4,170700.0,185676.0,7251456.0
MANAGING DEPUTY DIRECTOR - 41,1,184800.0,184800.0,184800.0,184800.0,184800.0
EXECUTIVE DIR OF ANIMAL CARE AND CONTROL,1,184800.0,184800.0,184800.0,184800.0,184800.0
ASST CHIEF LABOR NEGOTIATOR,1,184800.0,184800.0,184800.0,184800.0,184800.0
DEPUTY COMMISSIONER - 42,43,184584.0,183174.97674418605,153000.0,199284.0,7876524.0
FIRST DEPUTY DIR,4,184362.0,185445.0,168924.0,204132.0,741780.0
MANAGING DEPUTY COMMISSIONER,8,184362.0,184509.0,168924.0,194688.0,1476072.0
DIR OF RESEARCH AND PLANNING,1,181356.0,181356.0,181356.0,181356.0,181356.0
DEPUTY DIR,28,181356.0,173129.14285714287,139140.0,186156.0,4847616.0
DEPUTY INSPECTOR GENERAL,5,181356.0,182316.0,181356.0,186156.0,911580.0
DIR OF WORKERS COMPENSATION,1,181356.0,181356.0,181356.0,181356.0,181356.0
LOCAL LIQUOR CONTROL COMMISSIONER,1,181356.0,181356.0,181356.0,181356.0,181356.0
DIR OF LABOR RELATIONS,1,181356.0,181356.0,181356.0,181356.0,181356.0
DEPUTY COMPTROLLER,7,181356.0,177924.0,157332.0,181356.0,1245468.0
CAPTAIN-EMT,172,181062.0,178160.61627906977,170520.0,181062.0,30643626.0
LIEUTENANT-EMT (ASSIGNED AS TRAINING INSTRUCTOR),5,181062.0,176845.2,170520.0,181062.0,884226.0
FIRST DEPUTY CITY TREASURER,1,178932.0,178932.0,178932.0,178932.0,178932.0
CONTRACTS NEGOTIATOR,1,178188.0,178188.0,178188.0,178188.0,178188.0
PR TELECOMMUNICATIONS SPECIALIST,2,178188.0,178188.0,178188.0,178188.0,356376.0
ENTERPRISE ARCHITECTURE LEAD,1,177612.0,177612.0,177612.0,177612.0,177612.0
FIRST DEPUTY CITY CLERK,1,176004.0,176004.0,176004.0,176004.0,176004.0
ASST CHIEF ELEVATOR INSPECTOR,1,175739.16,175739.16,175739.16,175739.16,175739.16
CITY TREASURER,1,175560.0,175560.0,175560.0,175560.0,175560.0
CITY CLERK,1,175560.0,175560.0,175560.0,175560.0,175560.0
GENERAL COUNSEL,1,175512.0,175512.0,175512.0,175512.0,175512.0
DIR OF 311 CITY SERVICES,1,175512.0,175512.0,175512.0,175512.0,175512.0
DEPUTY BUDGET DIR,6,175512.0,173970.0,167964.0,181356.0,1043820.0
COORD OF HAZARDOUS MATERIALS PROGRAM,1,175296.0,175296.0,175296.0,175296.0,175296.0
MANAGING DEPUTY COMPTROLLER,2,174624.0,174624.0,168924.0,180324.0,349248.0
CHIEF WATER ENGINEER,3,173160.0,165696.0,150768.0,173160.0,497088.0
DIR OF WATER PURIFICATION LABORATORIES,1,173160.0,173160.0,173160.0,173160.0,173160.0
CHIEF ASST CORPORATION COUNSEL,17,173160.0,172477.41176470587,133836.0,187524.0,2932116.0
DIR OF WATER QUALITY SURVEILLANCE,1,173160.0,173160.0,173160.0,173160.0,173160.0
INFORMATION SECURITY LEAD,3,172920.0,170168.0,153000.0,184584.0,510504.0
COMM MAYORS OFF PEOPLE W DISABILITIES,1,171924.0,171924.0,171924.0,171924.0,171924.0
DEPUTY DIR OF ADMINISTRATIVE ADJUDICATION,1,171540.0,171540.0,171540.0,171540.0,171540.0
LIEUTENANT (ASSIGNED AS TRAINING INSTRUCTOR),1,170700.0,170700.0,170700.0,170700.0,170700.0
FIRST DEPUTY COMMISSIONER - 21,1,170436.0,170436.0,170436.0,170436.0,170436.0
DATABASE SERVICES LEAD,1,170196.0,170196.0,170196.0,170196.0,170196.0
DATA PORTAL LEAD,1,170196.0,170196.0,170196.0,170196.0,170196.0
PRINCIPAL SYSTEMS PROGRAMMER,2,170160.0,170160.0,170160.0,170160.0,340320.0
VETERINARIAN,3,170160.0,162256.0,146448.0,170160.0,486768.0
CHIEF PROGRAMMER/ANALYST,4,170160.0,159699.0,128316.0,170160.0,638796.0
ASST ZONING ADMINISTRATOR,1,167964.0,167964.0,167964.0,167964.0,167964.0
DEPUTY COMMISSIONER,54,167964.0,164744.44444444444,139140.0,181356.0,8896200.0
DIRECTOR OF INTERNAL AUDIT,1,167964.0,167964.0,167964.0,167964.0,167964.0
DIRECTOR OF LABOR STANDARDS,1,167964.0,167964.0,167964.0,167964.0,167964.0
DEPUTY PROCUREMENT OFFICER,5,167964.0,164877.6,139140.0,181356.0,824388.0
DIGITAL AND WEB SERVICES LEAD,1,167700.0,167700.0,167700.0,167700.0,167700.0
DIRECTOR OF INFORMATION SYSTEMS,1,167700.0,167700.0,167700.0,167700.0,167700.0
DIR OF EMS COMPLIANCE,1,167700.0,167700.0,167700.0,167700.0,167700.0
POLICE LEGAL OFFICER II,5,165624.0,165663.6,160746.0,170700.0,828318.0
COORD OF SPECIAL EVENTS LIAISON,1,165624.0,165624.0,165624.0,165624.0,165624.0
AMBULANCE COMMANDER,88,165624.0,163890.20454545456,155934.0,170700.0,14422338.0
LIEUTENANT,310,165624.0,164726.76774193547,147246.0,170700.0,51065298.0
ELEVATOR INSPECTOR,9,165401.64,165401.64,165401.64,165401.64,1488614.7600000002
EXECUTIVE DIR - BOARD OF ETHICS,1,165144.0,165144.0,165144.0,165144.0,165144.0
MANAGING DEPUTY PROCUREMENT OFFICER,2,164886.0,164886.0,149448.0,180324.0,329772.0
PRINCIPAL DATABASE ADMINISTRATOR,3,164880.0,143080.0,99480.0,164880.0,429240.0
DATA ARCHITECT,1,164808.0,164808.0,164808.0,164808.0,164808.0
CONTRACTS ADMINISTRATOR-43,2,164190.0,164190.0,160680.0,167700.0,328380.0
ENGINEER OF WATER PURIFICATION,2,164190.0,164190.0,160680.0,167700.0,328380.0
MANAGING EDITOR COUNCIL JOURNAL,1,163740.0,163740.0,163740.0,163740.0,163740.0
DIR OF HUMAN RESOURCES,2,163440.0,163440.0,160680.0,166200.0,326880.0
CHIEF PLUMBING INSPECTOR,2,163113.6,163113.6,163113.6,163113.6,326227.2
MANAGER OF REGULATORY REVIEW,1,162672.0,162672.0,162672.0,162672.0,162672.0
ASSOCIATE GENERAL COUNSEL-OIG,3,162672.0,161284.0,158508.0,162672.0,483852.0
MANAGER OF AUDITING,3,162672.0,162672.0,162672.0,162672.0,488016.0
SOLUTIONS ARCHITECT,2,162414.0,162414.0,160020.0,164808.0,324828.0
LIEUTENANT-PARAMEDIC,29,161970.0,162783.10344827586,152154.0,167214.0,4720710.0
SUPERVISING FIRE MARSHAL-EMT,2,161232.0,161232.0,161232.0,161232.0,322464.0
DEPUTY COMMISSIONER- 22,4,161154.0,163887.0,151884.0,181356.0,655548.0
FAA FIRE TRAINING SPECIALIST,3,160752.0,160770.0,155934.0,165624.0,482310.0
PROJECT DIR,3,160680.0,160216.0,146808.0,173160.0,480648.0
RISK MANAGER - CPD,1,160680.0,160680.0,160680.0,160680.0,160680.0
ASSISTANT COMMISSIONER -43,55,160680.0,159335.78181818183,133836.0,167700.0,8763468.0
ASST CHIEF ENGINEER,5,160680.0,162084.0,160680.0,167700.0,810420.0
DIRECTOR OF PROFESSIONAL COUNSELING SERVICES,1,160680.0,160680.0,160680.0,160680.0,160680.0
ASST COMPTROLLER,6,160590.0,153596.0,121668.0,162672.0,921576.0
PRINCIPAL PROGRAMMER/ANALYST,7,160020.0,153773.14285714287,122928.0,170160.0,1076412.0
CHIEF WATER CHEMIST,1,159792.0,159792.0,159792.0,159792.0,159792.0
FILTRATION ENGINEER V,4,159792.0,159792.0,159792.0,159792.0,639168.0
AUDITOR IV,5,159792.0,153194.4,140148.0,159792.0,765972.0
DEPUTY CITY TREASURER,3,158568.0,154116.0,126396.0,177384.0,462348.0
DIR OF SPECIAL INVESTIGATIONS,1,158508.0,158508.0,158508.0,158508.0,158508.0
CHIEF FORENSIC DATA ANALYST,2,158508.0,158508.0,158508.0,158508.0,317016.0
CHIEF INVESTIGATOR (IG),5,158508.0,153288.0,137532.0,158508.0,766440.0
DIR OF EPIDEMIOLOGY,2,158508.0,158508.0,158508.0,158508.0,317016.0
SUPVSR OF LOT CLEANING SERVICES,2,157962.0,157962.0,143352.0,172572.0,315924.0
RISK MANAGER,1,157332.0,157332.0,157332.0,157332.0,157332.0
DEPUTY CHIEF ADMINISTRATOR,4,157332.0,163338.0,157332.0,181356.0,653352.0
SUPRVNG BUILDING/CONTRUCT INSPECTOR,13,157296.0,157908.0,123528.0,172572.0,2052804.0
ASST CHIEF AIRPORT OPERATIONS SUPVSR,6,157296.0,152850.0,130620.0,157296.0,917100.0
FIELD SUPVSR,5,157296.0,147328.8,107460.0,157296.0,736644.0
EPIDEMIOLOGIST III,12,157278.0,146450.0,117636.0,159792.0,1757400.0
DIR OF MAINTENANCE OPERATIONS,3,157212.0,140588.0,107340.0,157212.0,421764.0
CHIEF BUILDING/CONSTRUCT INSPECTOR,1,156924.0,156924.0,156924.0,156924.0,156924.0
GENERAL FOREMAN OF LINEMEN,5,156894.36,156894.36,156894.36,156894.36,784471.7999999999
COORDINATING FIRE COMMUNICATIONS OPERATOR,2,156894.36,156894.36,156894.36,156894.36,313788.72
CHIEF FILTRATION ENGINEER,1,156708.0,156708.0,156708.0,156708.0,156708.0
LIEUTENANT-EMT,460,156174.0,155589.19565217392,146718.0,161232.0,71571030.0
DIRECTOR OF GRANTS MANAGEMENT,2,155724.0,155724.0,150768.0,160680.0,311448.0
ALDERMAN - 16TH WARD,1,155688.0,155688.0,155688.0,155688.0,155688.0
ALDERMAN - 18TH WARD,1,155688.0,155688.0,155688.0,155688.0,155688.0
ALDERMAN - 46TH WARD,1,155688.0,155688.0,155688.0,155688.0,155688.0
ALDERMAN - 48TH WARD,1,155688.0,155688.0,155688.0,155688.0,155688.0
ALDERMAN - 45TH WARD,1,155688.0,155688.0,155688.0,155688.0,155688.0
ALDERMAN - 28TH WARD,1,155688.0,155688.0,155688.0,155688.0,155688.0
ALDERMAN - 14TH WARD,1,155688.0,155688.0,155688.0,155688.0,155688.0
ALDERMAN - 17TH WARD,1,155688.0,155688.0,155688.0,155688.0,155688.0
ALDERMAN - 50TH WARD,1,155688.0,155688.0,155688.0,155688.0,155688.0
ALDERMAN - 35TH WARD,1,155688.0,155688.0,155688.0,155688.0,155688.0
ALDERMAN - 37TH WARD,1,155688.0,155688.0,155688.0,155688.0,155688.0
ALDERMAN - 34TH WARD,1,155688.0,155688.0,155688.0,155688.0,155688.0
ALDERMAN - 29TH WARD,1,155688.0,155688.0,155688.0,155688.0,155688.0
ALDERMAN - 22ND WARD,1,155688.0,155688.0,155688.0,155688.0,155688.0
ALDERMAN - 27TH WARD,1,155688.0,155688.0,155688.0,155688.0,155688.0
ALDERMAN - 24TH WARD,1,155688.0,155688.0,155688.0,155688.0,155688.0
ALDERMAN - 40TH WARD,1,155688.0,155688.0,155688.0,155688.0,155688.0
ALDERMAN - 20TH WARD,1,155688.0,155688.0,155688.0,155688.0,155688.0
ALDERMAN - 21ST WARD,1,155688.0,155688.0,155688.0,155688.0,155688.0
ALDERMAN - 10TH WARD,1,155688.0,155688.0,155688.0,155688.0,155688.0
ALDERMAN - 30TH WARD,1,155688.0,155688.0,155688.0,155688.0,155688.0
ALDERMAN - 43RD WARD,1,155688.0,155688.0,155688.0,155688.0,155688.0
ALDERMAN - 6TH WARD,1,155688.0,155688.0,155688.0,155688.0,155688.0
ALDERMAN - 7TH WARD,1,155688.0,155688.0,155688.0,155688.0,155688.0
ALDERMAN - 9TH WARD,1,155688.0,155688.0,155688.0,155688.0,155688.0
ALDERMAN - 12TH WARD,1,155688.0,155688.0,155688.0,155688.0,155688.0
ALDERMAN - 26TH WARD,1,155688.0,155688.0,155688.0,155688.0,155688.0
ALDERMAN - 4TH WARD,1,155688.0,155688.0,155688.0,155688.0,155688.0
ALDERMAN - 5TH WARD,1,155688.0,155688.0,155688.0,155688.0,155688.0
DEPUTY DIRECTOR - 22,8,155226.0,154167.0,142476.0,163740.0,1233336.0
CHIEF OPERATING ENGINEER,13,154876.8,153884.8,141980.8,154876.8,2000502.4
PRINCIPAL ENGINEER,5,154764.0,149474.4,128316.0,154764.0,747372.0
ALDERMAN - 3RD WARD,1,154716.0,154716.0,154716.0,154716.0,154716.0
ALDERMAN - 8TH WARD,1,154716.0,154716.0,154716.0,154716.0,154716.0
ASST EXECUTIVE DIR - BD OF ELECTIONS,1,154056.0,154056.0,154056.0,154056.0,154056.0
DIR OF ENVIR HEALTH & SAFETY COMPLIANCE,2,153552.0,153552.0,139140.0,167964.0,307104.0
COMMUNICATIONS OPERATIONS MANAGER,7,153384.0,147706.2857142857,121668.0,158508.0,1033944.0
CONTRACTS ADMINISTRATOR,10,153384.0,152545.2,133836.0,167700.0,1525452.0
PROGRAM DIR - CULTURAL AFFAIRS,11,153384.0,143294.18181818182,121668.0,153384.0,1576236.0
CHIEF INVESTIGATIVE ANALYST,1,153384.0,153384.0,153384.0,153384.0,153384.0
DIR OF INFORMATION SYSTEMS,9,153384.0,149076.0,121668.0,158508.0,1341684.0
DIR OF ASSESSMENT & SELECTION METHODS,1,153384.0,153384.0,153384.0,153384.0,153384.0
MGR OF GRAPHICS & REPRODUCTION CTR,1,153384.0,153384.0,153384.0,153384.0,153384.0
DIR OF LOGISTICS AND SUPPLY,1,153384.0,153384.0,153384.0,153384.0,153384.0
DIRECTOR OF LIBRARY TECHNOLOGY,1,153384.0,153384.0,153384.0,153384.0,153384.0
DIRECTOR OF FINANCE,17,153384.0,149935.76470588235,110856.0,173160.0,2548908.0
CHIEF SYSTEMS PROGRAMMER,1,153228.0,153228.0,153228.0,153228.0,153228.0
FORENSIC LABORATORY DIRECTOR,1,153000.0,153000.0,153000.0,153000.0,153000.0
ASST DEPUTY CHIEF OF STAFF,5,152076.0,158512.8,140808.0,183180.0,792564.0
ASST DEPUTY MAYOR,5,152076.0,154166.4,144648.0,169956.0,770832.0
POLICE FORENSIC INVESTIGATOR I,1,152010.0,152010.0,152010.0,152010.0,152010.0
DIR OF NEWS AFFAIRS,4,151458.0,147978.0,133380.0,155616.0,591912.0
FIREFIGHTER (PER ARBITRATORS AWARD)-PARAMEDIC,9,151326.0,149414.0,147024.0,151326.0,1344726.0
AIRPORT ACCOUNTABILITY DIRECTOR,2,150768.0,150768.0,150768.0,150768.0,301536.0
CHIEF ENGINEER OF SEWERS,1,150768.0,150768.0,150768.0,150768.0,150768.0
ASSISTANT DIRECTOR-43,17,150768.0,151764.0,133836.0,167700.0,2579988.0
ASST ENGINEER OF WATER PUMPING,1,150624.0,150624.0,150624.0,150624.0,150624.0
ENGINEER OF ELECTRIC PUMPING STATIONS,1,150624.0,150624.0,150624.0,150624.0,150624.0
NETWORK ADMINISTRATOR,1,150240.0,150240.0,150240.0,150240.0,150240.0
DIR OF PLANNING RESEARCH AND DEVELOPMENT,6,150096.0,147122.0,121668.0,160680.0,882732.0
DIR OF FACILITIES MANAGEMENT,6,150096.0,146430.0,121668.0,160680.0,878580.0
ASST DIR,10,150096.0,149119.2,121668.0,158508.0,1491192.0
PROGRAM DIRECTOR SPECIAL EVENTS,2,150096.0,150096.0,146808.0,153384.0,300192.0
MEDICAL ADMINISTRATOR,2,150096.0,150096.0,146808.0,153384.0,300192.0
GEN SUPT OF WATER MANAGEMENT,4,150072.0,150072.0,150072.0,150072.0,600288.0
GENERAL SUPT OF STREETS AND SANITATION,6,150072.0,152556.0,143232.0,164676.0,915336.0
DIR OF MONITORING SERVICES,1,150072.0,150072.0,150072.0,150072.0,150072.0
SENIOR SECURITY ENGINEER,7,149556.0,145791.42857142858,131412.0,158724.0,1020540.0
ASST CORPORATION COUNSEL SENIOR,4,149556.0,146472.0,130128.0,156648.0,585888.0
ASST CORPORATION COUNSEL SUPVSR,57,149556.0,149051.36842105264,118596.0,164100.0,8495928.0
CUSTOMER RELATIONSHIP SERVICES LEAD,1,149556.0,149556.0,149556.0,149556.0,149556.0
ALDERMAN - 44TH WARD,1,149520.0,149520.0,149520.0,149520.0,149520.0
APPLICATION DELIVERY MANAGER,2,149496.0,149496.0,134184.0,164808.0,298992.0
ASST DIR OF INFORMATION SYSTEMS,4,148788.0,150723.0,146808.0,158508.0,602892.0
ENGINEERING TECHNICIAN VI,5,148056.0,140160.0,108576.0,148056.0,700800.0
SENIOR INFRASTRUCTURE ADMINISTRATOR,1,148056.0,148056.0,148056.0,148056.0,148056.0
REGIONAL COMMUNICABLE DISEASE INVESTIGATOR,1,148056.0,148056.0,148056.0,148056.0,148056.0
SUPERVISING PUBLIC HEALTH NURSE,7,147672.0,128166.85714285714,94080.0,152472.0,897168.0
FOREMAN OF LINEMEN,20,147409.6,147409.592,147409.56,147409.6,2948191.84
FOREMAN OF STREET LIGHT REPAIRMEN,7,147409.56,147409.56,147409.56,147409.56,1031866.9199999999
FOREMAN OF TRAFFIC SIGNAL REPAIRMEN,2,147409.56,147409.56,147409.56,147409.56,294819.12
SUPERVISING FIRE COMMUNICATIONS OPERATOR,11,147409.56,147409.56,147409.56,147409.56,1621505.16
SERGEANT,1357,147252.0,145316.79439941046,133890.0,152010.0,197194890.0
POLICE OFFICER (ASSIGNED AS SECURITY SPECIALIST),20,147252.0,144388.2,133884.0,152010.0,2887764.0
POLICE OFFICER / SUPRVSING SUBST ABUSE CONSLR,1,147252.0,147252.0,147252.0,147252.0,147252.0
COORDINATOR SPECIAL PROJECTS/BLDG,2,146820.0,146820.0,143400.0,150240.0,293640.0
DIRECTOR OF HUMAN RESOURCES,3,146808.0,149004.0,137532.0,162672.0,447012.0
DIR OF SECURITY,1,146808.0,146808.0,146808.0,146808.0,146808.0
DIR OF PROGRAM OPERATIONS X33,7,146808.0,141118.2857142857,121668.0,153384.0,987828.0
DIR OF CLASSIFICATION AND COMPENSATION,1,146808.0,146808.0,146808.0,146808.0,146808.0
DIR OF LABORATORY SCIENCE,1,146808.0,146808.0,146808.0,146808.0,146808.0
ASST COMMISSIONER,45,146808.0,146046.93333333332,121668.0,158508.0,6572112.0
ASST PROCUREMENT OFFICER,5,146808.0,138067.2,121668.0,153384.0,690336.0
DIR OF ADMINISTRATIVE SERVICES,4,146808.0,148452.0,146808.0,153384.0,593808.0
DIRECTOR OF FOOD SAFETY AND REGULATORY SERVICES,1,146808.0,146808.0,146808.0,146808.0,146808.0
ASST BENEFITS MANAGER,1,146808.0,146808.0,146808.0,146808.0,146808.0
ASST GENERAL COUNSEL,1,146808.0,146808.0,146808.0,146808.0,146808.0
CHIEF ASST INSPECTOR GENERAL,2,146808.0,146808.0,146808.0,146808.0,293616.0
ASSISTANT DIRECTOR - FINANCE,1,146808.0,146808.0,146808.0,146808.0,146808.0
SENIOR DIRECTOR OF FAMILY SUPPORT PROGRAMS,15,146808.0,141858.4,121668.0,153384.0,2127876.0
HR RECORDS ADMINISTRATION DIRECTOR,1,146808.0,146808.0,146808.0,146808.0,146808.0
DISTRICT SUPVSR - GRAFFITI REMOVAL SERVICES,4,146766.0,144648.0,112488.0,172572.0,578592.0
SUPVSR OF AUDITING,9,146448.0,136686.66666666666,112536.0,146448.0,1230180.0
DATA SCIENTIST,9,146448.0,139704.0,128316.0,146448.0,1257336.0
FIRE PREVENTION ENGINEER,1,146160.0,146160.0,146160.0,146160.0,146160.0
PROJECT MANAGER - BUILDINGS,9,146160.0,136845.33333333334,107628.0,146460.0,1231608.0
ARCHITECT IV,13,146160.0,136642.15384615384,102516.0,146160.0,1776348.0
RECRUITER,18,146160.0,139562.66666666666,112536.0,146160.0,2512128.0
SENIOR PROGRAMMER/ANALYST,11,146160.0,134013.81818181818,107628.0,146160.0,1474152.0
SENIOR SYSTEMS PROGRAMMER,1,146160.0,146160.0,146160.0,146160.0,146160.0
MANAGING ENGINEER - WATER MANAGEMENT,2,144756.0,144756.0,144756.0,144756.0,289512.0
GENERAL FOREMAN OF HOISTING ENGINEERS,2,144663.96,144663.96,144663.96,144663.96,289327.92
FIRE ENGINEER-PARAMEDIC,22,144444.0,143453.18181818182,137052.0,151326.0,3155970.0
ALDERMAN - 32ND WARD,1,144264.0,144264.0,144264.0,144264.0,144264.0
PRINCIPAL DATA ANALYST,2,144216.0,144216.0,123552.0,164880.0,288432.0
GIS MANAGER,2,144168.0,144168.0,128316.0,160020.0,288336.0
ASST CHIEF PLUMBING INSPECTOR,1,144083.64,144083.64,144083.64,144083.64,144083.64
MANAGER OF 311 OPERATIONS,2,143868.0,143868.0,130524.0,157212.0,287736.0
MECHANICAL ENGINEER IV,2,143862.0,143862.0,141564.0,146160.0,287724.0
INFRASTRUCTURE AND OPERATIONS LEAD,1,143712.0,143712.0,143712.0,143712.0,143712.0
DIR OF COMMUNICATIONS - AVIATION,1,143688.0,143688.0,143688.0,143688.0,143688.0
CHIEF VENT AND MECHANICAL EQUIPMENT INSPECTOR,1,143537.4,143537.4,143537.4,143537.4,143537.4
WEB DEVELOPER,1,143400.0,143400.0,143400.0,143400.0,143400.0
DIVISION SUPERINTENDENT,8,143382.0,138879.0,112440.0,157212.0,1111032.0
SENIOR ADMINISTRATIVE LAW OFFICER,4,143352.0,138726.0,124848.0,143352.0,554904.0
DIR OF LICENSE ISSUANCE,1,143352.0,143352.0,143352.0,143352.0,143352.0
DISTRICT SUPERINTENDENT OF WATER DISTRIBUTION,3,143352.0,145628.0,143352.0,150180.0,436884.0
MANAGER OF ADMINSTRATIVE ADJUDICATION,1,143352.0,143352.0,143352.0,143352.0,143352.0
SUPERVISING AIR MASK TECHNICIAN,1,143352.0,143352.0,143352.0,143352.0,143352.0
SUPERINTENDENT OF PAVEMENT REPAIRS,2,143232.0,143232.0,143232.0,143232.0,286464.0
MGR OF HUMAN RESOURCES-PUBLIC SAFETY,1,143232.0,143232.0,143232.0,143232.0,143232.0
PROJECT MANAGER-DTI,1,143232.0,143232.0,143232.0,143232.0,143232.0
GENERAL MANAGER OF GROUNDS AND TERMINAL FACILITIES,1,143232.0,143232.0,143232.0,143232.0,143232.0
FRM OF HOISTING ENGINEER - MECHANICS,3,143104.0,143104.0,143104.0,143104.0,429312.0
FOREMAN OF HOISTING ENGINEERS,9,143104.0,143104.0,143104.0,143104.0,1287936.0
CONSTRUCTION EQUIPMENT INSPECTOR,5,143103.96,143103.96,143103.96,143103.96,715519.7999999999
GENERAL FOREMAN OF GENERAL TRADES,3,142916.76,142916.76,142916.76,142916.76,428750.28
ALDERMAN - 33RD WARD,1,142776.0,142776.0,142776.0,142776.0,142776.0
ALDERMAN - 25TH WARD,1,142776.0,142776.0,142776.0,142776.0,142776.0
PARAMEDIC I/C (ASSIGNED AS TRAINING INSTRUCTOR),9,142668.0,142277.33333333334,133890.0,147246.0,1280496.0
EXPLOSIVES TECHNICIAN I,19,142668.0,144691.8947368421,133884.0,152010.0,2749146.0
ALDERMAN - 2ND WARD,1,142020.0,142020.0,142020.0,142020.0,142020.0
ALDERMAN - 39TH WARD,1,142020.0,142020.0,142020.0,142020.0,142020.0
ALDERMAN - 11TH WARD,1,142020.0,142020.0,142020.0,142020.0,142020.0
ALDERMAN - 1ST WARD,1,142020.0,142020.0,142020.0,142020.0,142020.0
ALDERMAN - 41ST WARD,1,142020.0,142020.0,142020.0,142020.0,142020.0
ASST CHIEF OPERATING ENGINEER,66,141980.8,141980.8,141980.8,141980.8,9370732.799999999
FIREFIGHTER (PER ARBITRATORS AWARD)-EMT,16,141768.0,143566.125,141768.0,145878.0,2297058.0
ASST DIR OF NEWS AFFAIRS,3,141684.0,139492.0,132912.0,143880.0,418476.0
SENIOR DATA BASE ANALYST,5,141564.0,133965.6,107628.0,146160.0,669828.0
GEN FOREMAN OF BRIDGE & STR IRON WRK,1,141356.76,141356.76,141356.76,141356.76,141356.76
HOISTING ENGINEER - MECHANIC,27,141024.0,141024.0,141024.0,141024.0,3807648.0
DATA ANALYTICS LEAD,1,140868.0,140868.0,140868.0,140868.0,140868.0
DATA SCIENCE LEAD,1,140868.0,140868.0,140868.0,140868.0,140868.0
ASST CHIEF ENGINEER OF SEWERS,1,140496.0,140496.0,140496.0,140496.0,140496.0
COORDINATING ENGINEER II,4,140496.0,140373.0,135744.0,144756.0,561492.0
PSYCHIATRIC NURSE PRACTIONER,6,140496.0,139704.0,135744.0,140496.0,838224.0
CIVIL ENGINEER V,15,140148.0,136424.0,109140.0,159792.0,2046360.0
CHIEF PROGRAMMER/ANALYST EXCLUDED,2,140088.0,140088.0,121668.0,158508.0,280176.0
ALDERMAN - 38TH WARD,1,140046.0,140046.0,140046.0,140046.0,140046.0
ALDERMAN - 49TH WARD,1,139776.0,139776.0,139776.0,139776.0,139776.0
CHIEF BOILER INSPECTOR,1,139526.4,139526.4,139526.4,139526.4,139526.4
DEPUTY MANAGING EDITOR COUNCIL JOURNAL,1,138840.0,138840.0,138840.0,138840.0,138840.0
DIR OF INVESTIGATIONS - COPA,2,138690.0,138690.0,126756.0,150624.0,277380.0
GENERAL FOREMAN OF ELECTRICAL MECHANICS,7,138138.0,138138.0,138138.0,138138.0,966966.0
RECOVERY TEAM PROGRAM DIRECTOR,2,138096.0,138096.0,135384.0,140808.0,276192.0
DIR OF ACCOUNTING,14,138066.0,133956.85714285713,121320.0,141132.0,1875396.0
SOFTWARE DEV COORD - BD OF ELECTIONS,1,138060.0,138060.0,138060.0,138060.0,138060.0
ASST DISTRICT SUPERINTENDENT,19,137592.0,137592.0,137592.0,137592.0,2614248.0
FIRE ENGINEER,31,137568.0,135649.93548387097,128964.0,137568.0,4205148.0
DIRECTOR OF TRAINING AND DEVELOPMENT,1,137532.0,137532.0,137532.0,137532.0,137532.0
ASST DIR OF LABOR RELATIONS,1,137532.0,137532.0,137532.0,137532.0,137532.0
ASST BUDGET DIR,8,137532.0,140343.0,121668.0,157332.0,1122744.0
DIR OF NUTRITION,1,137532.0,137532.0,137532.0,137532.0,137532.0
DISABILITY OFFICER,1,137532.0,137532.0,137532.0,137532.0,137532.0
DIR OF LAND ACQUISITION AND DISPOSITION,1,137532.0,137532.0,137532.0,137532.0,137532.0
DIR OF GRANTS MANAGEMENT,2,137526.0,137526.0,121668.0,153384.0,275052.0
IRON INSPECTOR,2,137196.84,137196.84,137196.84,137196.84,274393.68
FOREMAN OF BRIDGE AND STRUCTURAL IRON WORKERS,2,137196.8,137196.8,137196.8,137196.8,274393.6
DATA SERVICES ADMINISTRATOR,7,136908.0,131124.0,102588.0,162444.0,917868.0
FIRE ENGINEER-EMT,413,136794.0,138055.97578692494,127860.0,145878.0,57017118.0
SUPVSR OF ELECTRICAL INSPECTORS,2,136707.96,136707.96,136707.96,136707.96,273415.92
DIR OF PERSONNEL POLICIES AND UTILIZATION,1,136692.0,136692.0,136692.0,136692.0,136692.0
PROGRAM COORD - SPECIAL EVENTS,2,136692.0,136692.0,136692.0,136692.0,273384.0
SUPERINTENDENT OF WATER METERS,1,136692.0,136692.0,136692.0,136692.0,136692.0
HELP DESK MANAGER,1,136692.0,136692.0,136692.0,136692.0,136692.0
STATION MANAGER,1,136692.0,136692.0,136692.0,136692.0,136692.0
MANAGER OF POLICE PAYROLLS,1,136692.0,136692.0,136692.0,136692.0,136692.0
GENERAL FOREMAN OF MACHINISTS,1,136011.24,136011.24,136011.24,136011.24,136011.24
DIR OF HUMAN RIGHTS COMPLIANCE,2,135942.0,135942.0,133044.0,138840.0,271884.0
MARINE PILOT,2,135928.0,135928.0,135928.0,135928.0,271856.0
MARINE ENGINEER,2,135928.0,135928.0,135928.0,135928.0,271856.0
PLUMBING INSPECTOR I/C,6,135927.96,135927.96,135927.96,135927.96,815567.76
MARINE PILOT - FIRE BOAT,4,135859.8,135859.8,135859.8,135859.8,543439.2
POLICE OFFICER (ASSIGNED AS DETECTIVE),1153,135816.0,136964.61231569818,121200.0,144792.0,157920198.0
FORENSIC FIREARM/EVIDENCE IDENT TECH,2,135744.0,135744.0,135744.0,135744.0,271488.0
SUPERVISING HOUSE DRAIN INSPECTOR,1,135512.04,135512.04,135512.04,135512.04,135512.04
LIBRARY DIRECTOR,6,135000.0,133792.0,121320.0,141132.0,802752.0
STRUCTURAL ENGINEER,4,134940.0,130917.0,107628.0,146160.0,523668.0
ELECTRICAL ENGINEER IV,6,134940.0,131654.0,99408.0,146160.0,789924.0
EMPLOYABILITY REVIEW SPECIALIST III,1,134916.0,134916.0,134916.0,134916.0,134916.0
HOISTING ENGINEER,263,134784.0,134773.7186311787,132080.0,134784.0,35445488.0
ALDERMAN - 23RD WARD,1,134676.0,134676.0,134676.0,134676.0,134676.0
PSYCHOLOGIST,2,134544.0,134544.0,122928.0,146160.0,269088.0
TRAFFIC SIGNAL REPAIRMAN,22,134326.44,134326.44,134326.44,134326.44,2955181.68
STREET LIGHT REPAIR WORKER,35,134326.44,134326.44,134326.44,134326.44,4701425.4
LOAD DISPATCHER,9,134326.44,134326.44,134326.44,134326.44,1208937.96
LINEMAN - SALARIED,14,134326.44,134326.44,134326.44,134326.44,1880570.1600000001
LINEMAN,57,134326.4,134326.4,134326.4,134326.4,7656604.8
SUPERVISING INVESTIGATOR-COPA,11,134184.0,136041.81818181818,117636.0,146448.0,1496460.0
PRINCIPAL DATA BASE ANALYST,3,134184.0,136780.0,122928.0,153228.0,410340.0
GIS DATA BASE ANALYST,3,134184.0,134184.0,134184.0,134184.0,402552.0
FOREMAN OF MACHINISTS,11,133931.2,133931.2,133931.2,133931.2,1473243.2000000002
FRM OF MACHINISTS - AUTOMOTIVE,26,133931.2,133931.2,133931.2,133931.2,3482211.2
PARAMEDIC (ASSGN AS TRAINING INSTR),3,133890.0,135366.0,133890.0,138318.0,406098.0
CRIMINALIST III,1,133848.0,133848.0,133848.0,133848.0,133848.0
FINANCE OFFICER,9,133848.0,125772.0,102516.0,133848.0,1131948.0
WATER CHEMIST IV,3,133848.0,132444.0,129636.0,133848.0,397332.0
LIBRARIAN IV,91,133848.0,125445.23076923077,97488.0,133848.0,11415516.0
PUBLIC HEALTH ADMINISTRATOR III,22,133788.0,130772.72727272728,97956.0,162444.0,2877000.0
POLICE OFFICER (ASSIGNED AS EVIDENCE TECHNICIAN),117,133650.0,133322.41025641025,120564.0,137568.0,15598722.0
PIPE LOCATING MACHINE OPERATOR,2,133432.0,133432.0,133432.0,133432.0,266864.0
FOREMAN OF WATER PIPE CONSTRUCTION,19,133432.0,133432.0,133432.0,133432.0,2535208.0
FOREMAN OF SEWER CLEANING,3,133432.0,133432.0,133432.0,133432.0,400296.0
FOREMAN OF PLUMBERS,5,133432.0,133432.0,133432.0,133432.0,667160.0
PLUMBING INSPECTOR,55,133431.96,133431.96,133431.96,133431.96,7338757.8
HOUSE DRAIN INSPECTOR,9,133431.96,133431.96,133431.96,133431.96,1200887.64
ALDERMAN - 31ST WARD,1,133368.0,133368.0,133368.0,133368.0,133368.0
ALDERMAN - 15TH WARD,1,133368.0,133368.0,133368.0,133368.0,133368.0
ALDERMAN - 47TH WARD,1,133344.0,133344.0,133344.0,133344.0,133344.0
SR RECOVERY TEAM PROGRAM MGR,2,133242.0,133242.0,131124.0,135360.0,266484.0
DIR OF INTERGROUP RELATIONS AND OUTREACH,1,133044.0,133044.0,133044.0,133044.0,133044.0
ASSISTANT DIRECTOR-23,5,133044.0,129765.6,110856.0,138840.0,648828.0
DIR OF PROGRAM OPERATIONS X23,1,133044.0,133044.0,133044.0,133044.0,133044.0
ENTERPRISE ARCHITECT,1,132708.0,132708.0,132708.0,132708.0,132708.0
PARAMEDIC I/C,275,132624.0,134720.00727272726,114708.0,155154.0,37048002.0
FILTRATION ENGINEER IV,6,132246.0,132046.0,112536.0,146160.0,792276.0
FOREMAN OF ELECTRICAL MECHANICS,30,132142.4,132142.4,132142.4,132142.4,3964272.0
FRM OF ELECTRICAL MECHANICS (AUTO),7,132142.4,132142.4,132142.4,132142.4,924996.7999999999
ELECTRICAL INSPECTOR,22,132132.0,132132.0,132132.0,132132.0,2906904.0
DIR OF LICENSE ADMINISTRATION,2,131844.0,131844.0,124848.0,138840.0,263688.0
AVIATION COMMUNICATIONS OPERATOR - TRAINER,3,131736.0,129260.0,120024.0,136020.0,387780.0
POLICE OFFICER/EXPLSV DETECT K9 HNDLR,44,131712.0,129658.09090909091,116856.0,133650.0,5704956.0
SPRINKLER FITTER,2,131560.0,131560.0,131560.0,131560.0,263120.0
AIRPORT CYBERSECURITY AND IT COMPLIANCE MANAGER,1,131124.0,131124.0,131124.0,131124.0,131124.0
SR DIR OF CRISIS SERVICES,1,131124.0,131124.0,131124.0,131124.0,131124.0
COORDINATING ENGINEER I,10,131124.0,129085.2,115992.0,140496.0,1290852.0
MANAGER OF AUDIT AND FINANCE,1,131124.0,131124.0,131124.0,131124.0,131124.0
SUPERVISING COOLING PLANT INSPECTOR,1,131040.0,131040.0,131040.0,131040.0,131040.0
FOREMAN OF STEAMFITTERS,6,131040.0,131040.0,131040.0,131040.0,786240.0
ALDERMAN - 19TH WARD,1,130836.0,130836.0,130836.0,130836.0,130836.0
ASSISTANT DIRECTOR OF FINANCE,2,130800.0,130800.0,130476.0,131124.0,261600.0
SENIOR PUBLIC INFORMATION OFFICER,2,130668.0,130668.0,130668.0,130668.0,261336.0
CPL HELP DESK SUPERVISOR,1,130668.0,130668.0,130668.0,130668.0,130668.0
COORD OF WAREHOUSE OPERATIONS,3,130668.0,124008.0,97956.0,143400.0,372024.0
MGR OF BUSINESS COMPLIANCE INVESTIGATIONS,2,130638.0,130638.0,124584.0,136692.0,261276.0
FORESTRY SUPVSR,4,130620.0,126363.0,113592.0,130620.0,505452.0
REFUSE COLLECTION COORD,48,130620.0,120946.5,81276.0,130620.0,5805432.0
FOREMAN OF ARCHITECTURAL IRON WORKERS,2,130540.8,130540.8,130540.8,130540.8,261081.6
ASST TO THE COMMISSIONER,7,130524.0,117577.71428571429,80124.0,136692.0,823044.0
MANAGER - ZONING BD OF APPEALS,1,130524.0,130524.0,130524.0,130524.0,130524.0
MANAGER OF COMPLIANCE ANALYSIS,1,130476.0,130476.0,130476.0,130476.0,130476.0
SR CLASSIFICATION AND COMPENSATION ANALYST,1,130476.0,130476.0,130476.0,130476.0,130476.0
GENERAL FOREMAN OF CARPENTERS,1,130436.76,130436.76,130436.76,130436.76,130436.76
DIVISION MANAGER - BD OF ELECTIONS,5,130052.04,129321.624,124985.04,133982.04,646608.12
BRIDGE AND STRUCTURAL IRON WORKER,16,129916.8,129916.8,129916.8,129916.8,2078668.8
POLICE OFFICER (ASGND AS MARINE OFFICER),29,129774.0,125616.0,116856.0,133650.0,3642864.0
POLICE OFFICER (ASSIGNED AS CANINE HANDLER),17,129774.0,127326.0,116856.0,133650.0,2164542.0
POLICE TECHNICIAN,11,129774.0,127312.90909090909,120900.0,129774.0,1400442.0
NURSE PRACTITIONER,9,129540.0,137436.0,106488.0,172584.0,1236924.0
GENERAL MANAGER OF AIRPORT OPERATIONS,9,129228.0,127676.0,112440.0,143232.0,1149084.0
CHIEF PERFORMANCE ANALYST,9,129168.0,122757.33333333333,111000.0,129168.0,1104816.0
DIRECTOR - MAYOR'S OFFICE,22,129102.0,129393.81818181818,103488.0,160284.0,2846664.0
OPERATING ENGINEER-GROUP A,182,129064.0,129064.0,129064.0,129064.0,23489648.0
FIRE MARSHAL,1,128892.0,128892.0,128892.0,128892.0,128892.0
PROJECT MANAGEMENT OFFICE LEAD,1,128808.0,128808.0,128808.0,128808.0,128808.0
NETWORK AND TELECOM LEAD,1,128808.0,128808.0,128808.0,128808.0,128808.0
SECURITY ENGINEER,2,128808.0,128808.0,128808.0,128808.0,257616.0
EXECUTIVE DIR - POLICE BOARD,1,128772.0,128772.0,128772.0,128772.0,128772.0
DIR OF PUBLIC AFFAIRS,18,128736.0,128282.0,111300.0,143880.0,2309076.0
SENIOR EQUITY OFFICER,2,128562.0,128562.0,115992.0,141132.0,257124.0
SR CERTIFICATION / COMPLIANCE OFFICER,7,128316.0,125785.71428571429,99408.0,141564.0,880500.0
MAJOR CASE SPECIALIST-COPA,16,128316.0,129581.25,107628.0,146160.0,2073300.0
ALDERMAN - 42ND WARD,1,128232.0,128232.0,128232.0,128232.0,128232.0
SUPERVISING POLICE COMMUNICATIONS OPERATOR,25,127956.0,128067.84,125208.0,131436.0,3201696.0
CHIEF MASON INSPECTOR,1,127649.64,127649.64,127649.64,127649.64,127649.64
SUPERINTENDENT OF ELECTRICAL OPERATIONS,2,127236.0,127236.0,117780.0,136692.0,254472.0
FOREMAN OF BLACKSMITHS,2,127192.0,127192.0,127192.0,127192.0,254384.0
BOILER INSPECTOR,5,127191.96,127191.96,127191.96,127191.96,635959.8
FOREMAN OF PAINTERS,6,127067.2,127067.2,127067.2,127067.2,762403.2
SUBPOENA OFFICER,4,127008.0,121965.0,98928.0,134916.0,487860.0
GENERAL FOREMAN OF BRICKLAYERS,1,126921.6,126921.6,126921.6,126921.6,126921.6
COOLING PLANT INSPECTOR,10,126879.96,126879.96,126879.96,126879.96,1268799.6
MECHANICAL ENGINEER V,1,126756.0,126756.0,126756.0,126756.0,126756.0
SR LITIGATION COUNSEL - COPA,1,126756.0,126756.0,126756.0,126756.0,126756.0
ATTORNEY - EXCLUDED,15,126756.0,126511.2,115992.0,140496.0,1897668.0
TRAFFIC ENGINEER V,1,126756.0,126756.0,126756.0,126756.0,126756.0
ASST INSPECTOR GENERAL,9,126756.0,127997.33333333333,121320.0,140496.0,1151976.0
COORDINATING ARCHITECT,4,126756.0,127848.0,126756.0,131124.0,511392.0
DIR OF TRAIN/PROF DEV - COPA,1,126756.0,126756.0,126756.0,126756.0,126756.0
DIR OF MENTAL HEALTH CENTER,5,126756.0,128181.6,121320.0,144756.0,640908.0
DIR OF ATTY RECRUITMENT & PROF DEV,1,126756.0,126756.0,126756.0,126756.0,126756.0
RECRUITMENT MANAGER,1,126756.0,126756.0,126756.0,126756.0,126756.0
CHIEF ADMINISTRATIVE OFFICER,1,126492.0,126492.0,126492.0,126492.0,126492.0
FISCAL ADMINISTRATION MANAGER,2,126288.0,126288.0,123348.0,129228.0,252576.0
ALDERMAN - 13TH WARD,1,126252.0,126252.0,126252.0,126252.0,126252.0
ALDERMAN - 36TH WARD,1,126000.0,126000.0,126000.0,126000.0,126000.0
PLUMBER,149,125840.0,125840.0,125840.0,125840.0,18750160.0
DIR OF PUBLIC INFORMATION,2,125838.0,125838.0,122940.0,128736.0,251676.0
MACHINIST,38,125611.2,125611.2,125611.2,125611.2,4773225.6
MACHINIST (AUTOMOTIVE),162,125611.2,125611.2,125611.2,125611.2,20349014.4
USER EXPERIENCE AND ACCESSIBILITY LEAD,1,125016.0,125016.0,125016.0,125016.0,125016.0
ASST CITY TREASURER,6,124848.0,123882.0,110856.0,133044.0,743292.0
SUPVSR OF ANIMAL CARE AIDES,3,124848.0,121364.0,108576.0,130668.0,364092.0
STEAMFITTER,47,124800.0,124800.0,124800.0,124800.0,5865600.0
BUILDING/CONSTRUCTION INSPECTOR,73,124740.0,127159.8904109589,93468.0,157296.0,9282672.0
CHIEF DISPATCHER,1,124740.0,124740.0,124740.0,124740.0,124740.0
MGR OF EMERGENCY MANAGEMENT SERVICES,6,124722.0,130292.0,102588.0,164880.0,781752.0
ASST SUPT OF WATER METERS,1,124584.0,124584.0,124584.0,124584.0,124584.0
SPONSORSHIP COORDINATOR,1,124584.0,124584.0,124584.0,124584.0,124584.0
MANAGER OF CUSTOMER  SERVICES,1,124584.0,124584.0,124584.0,124584.0,124584.0
MANAGER OF VEHICLE MAINTENANCE,9,124584.0,124472.0,89112.0,150072.0,1120248.0
MANAGER OF FOOD SAFETY AND REGULATORY SERVICES,1,124584.0,124584.0,124584.0,124584.0,124584.0
CREATIVE DIR,1,124584.0,124584.0,124584.0,124584.0,124584.0
COMPENSATION SPECIALIST,3,124584.0,111432.0,85128.0,124584.0,334296.0
DIRECTOR OF FAMILY SUPPORT PROGRAMS,3,124584.0,117204.0,102444.0,124584.0,351612.0
GEN SUPT OF SPECIAL TRAFFIC SERVICES,1,124584.0,124584.0,124584.0,124584.0,124584.0
COORD OF SPECIAL PROJECTS,5,124584.0,117230.4,98832.0,124584.0,586152.0
ASST GENERAL SUPT OF STREETS AND SANITATION,23,124584.0,128014.95652173914,107340.0,157212.0,2944344.0
POLICE OFFICER (ASSIGNED AS TRAFFIC SPECIALIST),21,124578.0,128242.28571428571,120564.0,137568.0,2693088.0
POLICE OFFICER (ASSIGNED AS (SWAT),57,124578.0,126726.21052631579,120564.0,137568.0,7223394.0
SERGEANT AT ARMS,1,124092.0,124092.0,124092.0,124092.0,124092.0
EPIDEMIOLOGIST IV,8,124038.0,123619.5,111000.0,141132.0,988956.0
FIREFIGHTER,68,123978.0,124652.4705882353,115158.0,128892.0,8476368.0
ARCHITECTURAL IRON WORKER,5,123260.8,123260.8,123260.8,123260.8,616304.0
FOREMAN OF CARPENTERS,8,123156.8,123156.8,123156.8,123156.8,985254.4
FIRE COMMUNICATIONS OPERATOR II,27,123120.0,123120.0,123120.0,123120.0,3324240.0
PRINTER,1,122976.0,122976.0,122976.0,122976.0,122976.0
SENIOR PUBLIC VEHICLE INSPECTOR,2,122976.0,122976.0,122976.0,122976.0,245952.0
LICENSING COORD,1,122976.0,122976.0,122976.0,122976.0,122976.0
CHIEF OPERATIONS ANALYST,8,122928.0,121396.5,109140.0,140148.0,971172.0
LEAD ACCOUNTANT,32,122928.0,116844.375,90144.0,133848.0,3739020.0
SUPERVISING POLICE MENTAL HEALTH CLINICIAN,3,122928.0,130768.0,122928.0,146448.0,392304.0
PORTFOLIO MANAGER,5,122928.0,109814.4,90144.0,122928.0,549072.0
HUMAN RELATIONS INVESTIGATOR II,6,122700.0,111308.0,88524.0,122700.0,667848.0
SR LANDSCAPE PLAN EXAMINER,1,122700.0,122700.0,122700.0,122700.0,122700.0
SENIOR CITY FORESTER,3,122700.0,122700.0,122700.0,122700.0,368100.0
VENTILATION AND FURNACE INSPECTOR,13,122616.0,122616.0,122616.0,122616.0,1594008.0
OPERATING ENGINEER-GROUP C,162,122616.0,122616.0,122616.0,122616.0,19863792.0
FOREMAN OF SHEET METAL WORKERS,4,122616.0,122616.0,122616.0,122616.0,490464.0
SR TESTING / ASSESSMENT SPEC,3,122556.0,115580.0,101628.0,122556.0,346740.0
FIREFIGHTER/PARAMEDIC,266,122376.0,123045.2030075188,93804.0,141780.0,32730024.0
FIRE MARSHAL-EMT,14,122136.0,127188.85714285714,117996.0,136686.0,1780644.0
FIELD SERVICE SPECIALIST III,8,121896.0,118915.5,103572.0,130620.0,951324.0
EQUAL EMPLOYMENT OPPORTUNITY OFFICER,1,121668.0,121668.0,121668.0,121668.0,121668.0
DIRECTOR OF POLICY,2,121668.0,121668.0,121668.0,121668.0,243336.0
MASON INSPECTOR,12,121409.64,121409.64,121409.64,121409.64,1456915.68
FOREMAN OF BRICKLAYERS,3,121409.6,121409.60000000002,121409.6,121409.6,364228.80000000005
FOREMAN OF SEWER BRICKLAYERS,13,121409.6,121409.6,121409.6,121409.6,1578324.8
CLAIMS MANAGER,2,121374.0,121374.0,115992.0,126756.0,242748.0
AVIATION SECURITY ENGINEER,2,121374.0,121374.0,115992.0,126756.0,242748.0
CONTRACTS COORD - B OF E,1,121356.0,121356.0,121356.0,121356.0,121356.0
ASSOCIATE GENERAL COUNSEL-CCPSA,1,121320.0,121320.0,121320.0,121320.0,121320.0
CHIEF INVESTIGATIVE LAW OFFICER,1,121320.0,121320.0,121320.0,121320.0,121320.0
ASSISTANT LIBRARY DIRECTOR,7,121320.0,119796.0,106272.0,130476.0,838572.0
POLICE OFFICER (ASGND AS MOUNTED PATROL OFFICER),14,120900.0,124001.14285714286,116856.0,133650.0,1736016.0
POLICE OFFICER (ASSGN AS HELICOPTER PILOT),5,120900.0,125191.2,116856.0,133650.0,625956.0
CITY PLANNER IV,2,120768.0,120768.0,118836.0,122700.0,241536.0
POLICE OFFICER / FLD TRNG OFFICER,351,120564.0,124244.5811965812,109350.0,137568.0,43609848.0
STRATEGIC PLANNING MANAGER,1,120144.0,120144.0,120144.0,120144.0,120144.0
SENIOR SECURITY ANALYST,3,120144.0,121768.0,120144.0,125016.0,365304.0
CLOUD/DATA CENTER LEAD,1,120144.0,120144.0,120144.0,120144.0,120144.0
SECURITY ANALYST,2,120144.0,120144.0,120144.0,120144.0,240288.0
ELECTRICAL MECHANIC - SALARIED,3,120120.0,120120.0,120120.0,120120.0,360360.0
ELECTRICAL MECHANIC,221,120120.0,120120.0,120120.0,120120.0,26546520.0
ELECTRICAL MECHANIC (AUTOMOTIVE),78,120120.0,120120.0,120120.0,120120.0,9369360.0
ELECTRONICS TECHNICIAN,8,120120.0,120120.0,120120.0,120120.0,960960.0
AUTO POUND SUPVSR,8,119574.0,113038.5,85176.0,130620.0,904308.0
SR PROGRAMMER/ANALYST - EXCLD,4,119274.0,114609.0,97332.0,122556.0,458436.0
BUSINESS ANALYST,2,119262.0,119262.0,103608.0,134916.0,238524.0
HUMAN RELATIONS SPECIALIST II,1,119100.0,119100.0,119100.0,119100.0,119100.0
SUPERVISING DISEASE CONTROL INVESTIGATOR,3,119100.0,124372.0,119100.0,134916.0,373116.0
CONTRACTS COORD,21,119100.0,124112.57142857143,90732.0,162444.0,2606364.0
CHIEF CONTRACT EXPEDITER,9,119100.0,116252.0,85200.0,148056.0,1046268.0
ADMINISTRATIVE SERVICES OFFICER II,27,119100.0,117791.11111111111,89244.0,148056.0,3180360.0
FINGERPRINT TECHNICIAN IV,1,119100.0,119100.0,119100.0,119100.0,119100.0
FINGERPRINT TECHNICIAN III,3,119100.0,106508.0,81324.0,119100.0,319524.0
BENEFITS CLAIMS SUPVSR,2,119076.0,119076.0,113568.0,124584.0,238152.0
ASST CHIEF DISPATCHER,1,119052.0,119052.0,119052.0,119052.0,119052.0
ZONING INVESTIGATOR,3,119052.0,126296.0,102540.0,157296.0,378888.0
PRESS SECRETARY,1,118956.0,118956.0,118956.0,118956.0,118956.0
SUPVSR OF PERSONNEL ADMINISTRATION,7,118956.0,116012.57142857143,83052.0,136692.0,812088.0
GRANTS MANAGER - OBM,3,118956.0,117160.0,113568.0,118956.0,351480.0
VENDOR/LICENSE SPECIALIST LEAD,1,118956.0,118956.0,118956.0,118956.0,118956.0
HUMAN RESOURCES BUSINESS PARTNER-EXCLD,5,118956.0,107472.0,80124.0,124584.0,537360.0
CHIEF ZONING PLAN EXAMINER,1,118956.0,118956.0,118956.0,118956.0,118956.0
COORD OF PRINTING SERVICES - GRAPHICS,1,118956.0,118956.0,118956.0,118956.0,118956.0
COORD OF ECON DEV II - PLNG & DEV,1,118956.0,118956.0,118956.0,118956.0,118956.0
PROJECTS ADMINISTRATOR,49,118956.0,118254.61224489796,93384.0,150072.0,5794476.0
MANAGER OF WAREHOUSE OPERATIONS,1,118956.0,118956.0,118956.0,118956.0,118956.0
LIBRARIAN III,81,118836.0,110652.29629629629,84192.0,122700.0,8962836.0
SOCIAL WORKER III,6,118836.0,107932.0,84192.0,122700.0,647592.0
WATER CHEMIST III,5,118836.0,118140.0,107628.0,122700.0,590700.0
PAYROLL ADMINISTRATOR,6,118044.0,125492.0,102588.0,178188.0,752952.0
FIREFIGHTER-EMT,1597,117996.0,120955.54038822792,107046.0,136686.0,193165998.0
CARPENTER,61,117956.8,117956.8,117956.8,117956.8,7195364.8
ASST MANAGING EDITOR COUNCIL JOURNAL,1,117780.0,117780.0,117780.0,117780.0,117780.0
ASST SUPT OF PAVEMENT REPAIRS,1,117780.0,117780.0,117780.0,117780.0,117780.0
ENVIRONMENTAL ENGINEER III,19,117636.0,123699.15789473684,102516.0,146160.0,2350284.0
CIVIL ENGINEER IV,36,117636.0,123791.33333333333,102516.0,146160.0,4456488.0
TRAFFIC ENGINEER IV,5,117636.0,121041.6,112536.0,134184.0,605208.0
POLICE OFFICER(ASGND AS LATENT PRINT EX),12,116856.0,119683.0,116856.0,129774.0,1436196.0
BLACKSMITH,19,116688.0,116688.0,116688.0,116688.0,2217072.0
ASBESTOS WORKER / PIPE INSULATOR,1,116521.6,116521.6,116521.6,116521.6,116521.6
SENIOR BUSINESS CONSULTANT,6,116364.0,109656.0,93504.0,119100.0,657936.0
PROCUREMENT SPECIALIST,6,116364.0,117118.0,97956.0,143400.0,702708.0
SUPVSR OF WATER RATE TAKERS,2,116292.0,116292.0,89232.0,143352.0,232584.0
GENERAL FOREMAN OF LABORERS-CURB AND GUTTER,2,116043.2,116043.2,116043.2,116043.2,232086.4
GENERAL FOREMAN OF CONSTRUCTION LABORERS,2,116043.2,116043.2,116043.2,116043.2,232086.4
GENERAL FOREMAN OF LABORERS,2,116043.2,116043.2,116043.2,116043.2,232086.4
SUPERVISING PLANNER,7,115992.0,114620.57142857143,101628.0,130476.0,802344.0
DIRECTOR OF MEDIATION,1,115992.0,115992.0,115992.0,115992.0,115992.0
GIS MANAGER - EXCLD,1,115992.0,115992.0,115992.0,115992.0,115992.0
INVESTIGATOR III - IG,5,115992.0,111177.6,93156.0,122556.0,555888.0
SAFETY ADMINISTRATOR,5,115992.0,115060.8,111000.0,121320.0,575304.0
ASSISTANT EEO OFFICER,1,115992.0,115992.0,115992.0,115992.0,115992.0
DIR OF LIBRARY PROGRAMS AND EVENTS,1,115992.0,115992.0,115992.0,115992.0,115992.0
DISTRICT CONCRETE SUPVSR,1,115648.0,115648.0,115648.0,115648.0,115648.0
CONSTRUCTION COORD,2,115038.0,115038.0,93384.0,136692.0,230076.0
FINANCIAL OFFICER,2,115038.0,115038.0,93384.0,136692.0,230076.0
DISTRICT ASPHALT SUPVSR,2,114857.6,114857.6,114857.6,114857.6,229715.2
SENIOR HELP DESK TECHNICIAN,12,114798.0,110587.0,77640.0,134916.0,1327044.0
FOREMAN OF CEMENT FINISHERS,21,114608.0,114608.0,114608.0,114608.0,2406768.0
PAYROLL ADMINISTRATOR - EXCLD,2,114180.0,114180.0,97836.0,130524.0,228360.0
DIRECTOR OF MARKETING,3,114120.0,117060.0,114120.0,122940.0,351180.0
LEAD PRESSMAN,3,113628.0,104684.0,81324.0,119100.0,314052.0
SAFETY SPECIALIST - WATER MGMT,13,113604.0,105933.23076923077,77628.0,130620.0,1377132.0
TRAINING AGENT I - PER AGREEMENT,5,113604.0,112588.8,108528.0,113604.0,562944.0
WARD SUPERINTENDENT,45,113568.0,116659.46666666666,93384.0,150072.0,5249676.0
MANAGER OF FLEET AND EQUIPMENT SERVICES,1,113568.0,113568.0,113568.0,113568.0,113568.0
SUPERINTENDENT OF SPECIAL TRAFFIC SERVICES,2,113568.0,113568.0,113568.0,113568.0,227136.0
DIR OF ADMINISTRATION I - EXCLD,2,113568.0,113568.0,113568.0,113568.0,227136.0
AREA COORD - CAPS,5,113568.0,111900.0,97836.0,136692.0,559500.0
ANIMAL SHELTER MANAGER,1,113568.0,113568.0,113568.0,113568.0,113568.0
COORD OF COMMUNITY SERVICES,1,113568.0,113568.0,113568.0,113568.0,113568.0
CHIEF AIRPORT OPERATIONS SUPVSR,7,113568.0,124040.57142857143,113568.0,157212.0,868284.0
SUPVSR OF PAYMENT CENTER,7,113568.0,104849.14285714286,80124.0,113568.0,733944.0
SHEET METAL WORKER,10,113526.4,113526.4,113526.4,113526.4,1135264.0
SUPVSR OF ACCOUNTING,20,113496.0,116109.6,97332.0,130476.0,2322192.0
CAULKER,9,113256.0,116052.44444444444,113256.0,125840.0,1044472.0
ASST CORPORATION COUNSEL III,51,113208.0,112864.0,85704.0,149556.0,5756064.0
AUTOMOTIVE PAINTER,5,112944.0,112944.0,112944.0,112944.0,564720.0
PAINTER,74,112944.0,112944.0,112944.0,112944.0,8357856.0
AUDITOR III,16,112632.0,114366.0,90144.0,133848.0,1829856.0
FOREMAN OF SIGN SHOP,2,112548.8,112548.8,112548.8,112548.8,225097.6
RESEARCH ASSOCIATE,1,112536.0,112536.0,112536.0,112536.0,112536.0
FISCAL ADMINISTRATOR,2,112536.0,112536.0,112536.0,112536.0,225072.0
AUDITOR I,3,112536.0,102236.0,81636.0,112536.0,306708.0
SANITARY ENGINEER III,3,112536.0,118236.0,112536.0,129636.0,354708.0
SANITARY ENGINEER IV,3,112536.0,116000.0,112536.0,122928.0,348000.0
CRIMINAL INTELLIGENCE ANALYST,19,112536.0,108454.73684210527,90732.0,119100.0,2060640.0
GENERAL FOREMAN OF MOTOR TRUCK DRIVERS,1,112507.2,112507.2,112507.2,112507.2,112507.2
MANAGER OF PARKING,1,112440.0,112440.0,112440.0,112440.0,112440.0
DISABILITY SERVICES COORDINATOR,7,112236.0,104842.28571428571,84192.0,112236.0,733896.0
SENIOR RESEARCH ANALYST,4,112236.0,105225.0,84192.0,112236.0,420900.0
PUBLIC HEALTH ADMINISTRATOR I,3,112104.0,97272.0,67608.0,112104.0,291816.0
PUBLIC VEHICLE INSPECTOR,1,112104.0,112104.0,112104.0,112104.0,112104.0
DISPATCH CLERK I/C,1,112104.0,112104.0,112104.0,112104.0,112104.0
EXECUTIVE SECRETARY II,3,112104.0,106220.0,94452.0,112104.0,318660.0
SENIOR AUTOMOTIVE EQUIPMENT ANALYST,2,112080.0,112080.0,112080.0,112080.0,224160.0
PRINCIPAL BUDGET ANALYST,1,112080.0,112080.0,112080.0,112080.0,112080.0
SENIOR FISCAL POLICY ANALYST,4,112080.0,112080.0,112080.0,112080.0,448320.0
TRAINING & DEVELOPMENT ANALYST,3,112080.0,103132.0,85236.0,112080.0,309396.0
CHIEF LANDSCAPE PLAN EXAMINER,1,112080.0,112080.0,112080.0,112080.0,112080.0
SUPVSR OF PUBLIC VEHICLE INSPECTORS,2,112044.0,112044.0,93468.0,130620.0,224088.0
GLAZIER,2,111384.0,111384.0,111384.0,111384.0,222768.0
POLICE OFFICER,7921,111252.0,109670.99507637924,63636.0,127146.0,868703952.0
PARAMEDIC,393,111252.0,102041.92366412214,74526.0,128892.0,40102476.0
CHIEF ANALYTICS ANALYST,3,111000.0,117424.0,106272.0,135000.0,352272.0
MANAGER OF REVENUE COLLECTIONS,4,111000.0,111000.0,111000.0,111000.0,444000.0
MANAGER-FLEET SERVICES & AUTO PROCUREMENT,1,111000.0,111000.0,111000.0,111000.0,111000.0
IT SECURITY SPECIALIST,2,111000.0,111000.0,111000.0,111000.0,222000.0
COORDINATING PLANNER II,3,111000.0,116252.0,111000.0,126756.0,348756.0
SUPERVISING ENVIRONMENTAL ENGINEER,1,111000.0,111000.0,111000.0,111000.0,111000.0
COORDINATING PLANNER,13,111000.0,113597.53846153847,106272.0,126756.0,1476768.0
INFECTION PREVENTION SPECIALIST,3,111000.0,114440.0,111000.0,121320.0,343320.0
SR FORENSIC DATA ANALYST,2,111000.0,111000.0,111000.0,111000.0,222000.0
BUSINESS RELATIONSHIP MANAGER,6,110700.0,114916.0,97836.0,143232.0,689496.0
CEMENT FINISHER,45,110448.0,110448.0,110448.0,110448.0,4970160.0
BRICKLAYER,52,110364.8,110364.80000000002,110364.8,110364.8,5738969.600000001
SPECIAL ASST,2,110166.0,110166.0,101424.0,118908.0,220332.0
SUPERVISOR OF LABOR STANDARDS INVESTIGATORS,2,109944.0,109944.0,97332.0,122556.0,219888.0
SENIOR AIR MASK TECHNICIAN,4,109926.0,108912.0,85176.0,130620.0,435648.0
SUPVSR OF ANIMAL CONTROL OFFICERS,3,109404.0,114244.0,109404.0,123924.0,342732.0
CHIEF STOREKEEPER,5,109200.0,109200.0,109200.0,109200.0,546000.0
FOREMAN OF PIPE / SALVAGE YARDS,10,109200.0,109200.0,109200.0,109200.0,1092000.0
FOREMAN OF CONSTRUCTION LABORERS,10,109200.0,109200.0,109200.0,109200.0,1092000.0
DATA SERVICES ADMINISTRATOR-EXCLUDED,2,108984.0,108984.0,93384.0,124584.0,217968.0
FOREMAN OF MOTOR TRUCK DRIVERS,51,108950.4,108950.4,108950.4,108950.4,5556470.399999999
FRM OF LABORER-CONCRETE,23,108784.0,108784.0,108784.0,108784.0,2502032.0
ASPHALT FOREMAN,34,108784.0,108784.0,108784.0,108784.0,3698656.0
AIRPORT MAINTENANCE FOREMAN,13,108784.0,108784.0,108784.0,108784.0,1414192.0
FOREMAN OF LABORERS,9,108784.0,108784.0,108784.0,108784.0,979056.0
SENIOR ARCHIVAL SPECIALIST,5,108708.0,98467.2,74160.0,112236.0,492336.0
LIBRARIAN II,66,108708.0,100787.45454545454,80196.0,112236.0,6651972.0
SANITARIAN II,32,108618.0,107329.875,77640.0,134916.0,3434556.0
HUMAN SERVICE SPECIALIST,21,108576.0,98012.0,70752.0,119100.0,2058252.0
STAFF ASST,112,108576.0,100059.98571428572,54662.4,122976.0,11206718.4
CONSTRUCTION LABORER (SUB-FOREMAN),23,108576.0,108576.0,108576.0,108576.0,2497248.0
COMMUNICABLE DISEASE CONTROL INVESTIGATOR II,27,108576.0,101155.55555555556,70752.0,119100.0,2731200.0
ASST PAYROLL ADMINISTRATOR,9,108576.0,104821.33333333333,77640.0,124848.0,943392.0
ACCOUNTANT,54,108576.0,99636.22222222222,68616.0,122976.0,5380356.0
AIRPORT OPERATIONS SUPVSR II,36,108528.0,111757.0,89232.0,143352.0,4023252.0
SUPERVISING TIMEKEEPER - LABORER,1,108528.0,108528.0,108528.0,108528.0,108528.0
FIELD SANITATION INVESTIGATOR,29,108528.0,107332.55172413793,74136.0,119052.0,3112644.0
SUPERVISING PHOTOGRAPHIC TECHNICIAN,1,108432.0,108432.0,108432.0,108432.0,108432.0
SUPVR OF BUSINESS COMPLIANCE INVESTIGATIONS,9,108432.0,104113.33333333333,83052.0,124584.0,937020.0
MANAGER OF SECURITY COMMUNICATIONS CENTER,3,108432.0,112836.0,93384.0,136692.0,338508.0
DEPUTY ADMINISTRATOR-COFA,1,108276.0,108276.0,108276.0,108276.0,108276.0
SUPVSR OF CUSTOMER ACCOUNTS,2,108120.0,108120.0,81324.0,134916.0,216240.0
ASST CORPORATION COUNSEL II,38,108084.0,108805.8947368421,81816.0,142776.0,4134624.0
WATER METER MACHINIST,20,107952.0,107952.0,107952.0,107952.0,2159040.0
LANGUAGE ACCESS COORDINATOR,1,107628.0,107628.0,107628.0,107628.0,107628.0
POLICE MENTAL HEALTH CLINICIAN,22,107628.0,110652.0,99408.0,122928.0,2434344.0
FILTRATION ENGINEER III,7,107628.0,109158.85714285714,97488.0,133848.0,764112.0
EPIDEMIOLOGIST II,13,107628.0,115009.84615384616,92940.0,133848.0,1495128.0
SERVICE OWNER,3,107340.0,105708.0,102444.0,107340.0,317124.0
CHIEF DISPATCHER - EXCLD,5,107340.0,107628.0,93384.0,136692.0,538140.0
PROJECT MANAGER,122,107340.0,107344.86885245901,89112.0,124584.0,13096074.0
DIR OF PUBLIC HEALTH OPERATIONS,1,107340.0,107340.0,107340.0,107340.0,107340.0
MANAGER OF AIRPORT OPERATIONS,1,107340.0,107340.0,107340.0,107340.0,107340.0
EQUIPMENT TRAINING SPECIALIST / MTD,14,107184.0,107184.0,107184.0,107184.0,1500576.0
RECOVERY TEAM PROGRAM MGR,6,107154.0,107010.0,101424.0,112020.0,642060.0
LABORER (BUREAU OF ELECTRICITY),3,106912.0,106912.0,106912.0,106912.0,320736.0
ASPHALT LABORER,119,106912.0,106103.42184873948,74838.4,106912.0,12626307.2
STORES LABORER,21,106912.0,106912.0,106912.0,106912.0,2245152.0
DISPATCHER - CONCRETE,7,106912.0,106912.0,106912.0,106912.0,748384.0
DISPATCHER - ASPHALT,11,106912.0,106912.0,106912.0,106912.0,1176032.0
DISPATCHER - ARBORIST,4,106912.0,106912.0,106912.0,106912.0,427648.0
CONSTRUCTION LABORER,441,106912.0,106912.0,106912.0,106912.0,47148192.0
CONCRETE LABORER,148,106912.0,104672.62702702703,74838.4,106912.0,15491548.8
EMERGENCY CREW DISPATCHER,22,106912.0,106912.0,106912.0,106912.0,2352064.0
LABORER - PARKING OPERATIONS,2,106912.0,106912.0,106912.0,106912.0,213824.0
LABORER AS ESTIMATOR,4,106912.0,106912.0,106912.0,106912.0,427648.0
EQUIPMENT DISPATCHER I/C,4,106683.2,106683.2,106683.2,106683.2,426732.8
ENVIRONMENTAL INVESTIGATOR,2,106302.0,106302.0,93504.0,119100.0,212604.0
SUPPORT SERVICES COORD,40,106278.0,100881.6,75336.0,130668.0,4035264.0
DIR OF LIBRARY STAFF DEV,1,106272.0,106272.0,106272.0,106272.0,106272.0
MANAGER OF QUALITY ASSURANCE,2,106272.0,106272.0,106272.0,106272.0,212544.0
ASST PROJECT DIR,1,106272.0,106272.0,106272.0,106272.0,106272.0
SENIOR HEARING OFFICER,1,106272.0,106272.0,106272.0,106272.0,106272.0
MANAGER OF FLEET SERVICES,2,106170.0,106170.0,93384.0,118956.0,212340.0
ASST DIRECTOR OF CHILDREN SERVICES,4,106170.0,106170.0,93384.0,118956.0,424680.0
SUPVSR OF GRANTS ADMINISTRATION,2,105702.0,105702.0,97836.0,113568.0,211404.0
SENIOR LEGISLATIVE ASST,3,105528.0,107468.0,105012.0,111864.0,322404.0
ELECTRONIC RESOURCES LIBRARIAN,2,105072.0,105072.0,102516.0,107628.0,210144.0
TRAFFIC MAINTENANCE SUPVSR,2,104580.0,104580.0,90108.0,119052.0,209160.0
SUPERVISING WATCHMAN - AGREEMENT,1,104457.6,104457.6,104457.6,104457.6,104457.6
SHIFT SUPVSR OF SECURITY COMMUNICATIONS CENTER,9,104376.0,107541.33333333333,82488.0,136020.0,967872.0
DIR OF ADMINISTRATION I,4,104172.0,106053.0,85200.0,130668.0,424212.0
SENIOR ATTORNEY,2,104166.0,104166.0,97332.0,111000.0,208332.0
BUSINESS COMPLIANCE INVESTIGATOR,35,103608.0,107918.74285714286,81324.0,134916.0,3777156.0
SUPVSR OF FIELD VEHICLE INVESTIGATORS,3,103572.0,103664.0,98892.0,108528.0,310992.0
SERVICE WRITER,19,103572.0,100865.05263157895,82080.0,108528.0,1916436.0
SR PROJECT MGR - MAYOR'S OFFICE,9,103488.0,106285.33333333333,98484.0,123600.0,956568.0
SUPERVISING VIDEOGRAPHER,1,103488.0,103488.0,103488.0,103488.0,103488.0
ASST TO THE DIRECTOR,1,103488.0,103488.0,103488.0,103488.0,103488.0
CHIEF METHODS ANALYST,1,103488.0,103488.0,103488.0,103488.0,103488.0
WEB DEVELOPER/ADMINISTRATOR (OIG),1,103488.0,103488.0,103488.0,103488.0,103488.0
LABOR RELATIONS SUPVSR,9,103488.0,99305.33333333333,85128.0,108432.0,893748.0
OPERATIONS MANAGER - ANIMAL CONTROL,1,103488.0,103488.0,103488.0,103488.0,103488.0
SUPERVISING DISEASE CONTROL INVESTIGATOR - EXCL,1,103488.0,103488.0,103488.0,103488.0,103488.0
PHOTOGRAPHER AND CREATIVE DIRECTOR,1,103464.0,103464.0,103464.0,103464.0,103464.0
WEB AUTHOR,2,103266.0,103266.0,97956.0,108576.0,206532.0
EQUIPMENT DISPATCHER,32,103126.4,103126.4,103126.4,103126.4,3300044.8
MOTOR TRUCK DRIVER - TIRE REPAIR,15,102876.8,102876.8,102876.8,102876.8,1543152.0
CLAIMS INVESTIGATOR,1,102648.0,102648.0,102648.0,102648.0,102648.0
ELDER PROTECTIVE INVESTIGATOR III,1,102648.0,102648.0,102648.0,102648.0,102648.0
SENIOR EMERGENCY MANAGEMENT COORD,29,102588.0,115231.03448275862,90732.0,162444.0,3341700.0
SENIOR DATA ANALYST,3,102588.0,102588.0,102588.0,102588.0,307764.0
ENVIRONMENTAL ENGINEER II,1,102516.0,102516.0,102516.0,102516.0,102516.0
CLINICAL THERAPIST III,31,102516.0,111543.48387096774,92940.0,133848.0,3457848.0
MENTAL HEALTH CRISIS CLINICIAN,7,102516.0,98674.28571428571,90144.0,107628.0,690720.0
ARCHITECT III,3,102516.0,112960.0,102516.0,133848.0,338880.0
SPECIAL VICTIMS INVESTIGATOR - COPA,7,102516.0,107412.0,92940.0,133848.0,751884.0
ATTORNEY,5,102516.0,110817.6,97488.0,133932.0,554088.0
GRANTS RESEARCH SPECIALIST,16,102516.0,107437.5,92940.0,133848.0,1719000.0
END USER COMPUTING LEAD,1,102444.0,102444.0,102444.0,102444.0,102444.0
PROGRAM DIR,9,102444.0,102606.66666666667,93384.0,107340.0,923460.0
SENIOR PROJECT MANAGER-DTI,6,102444.0,107180.0,97836.0,118956.0,643080.0
SR PROCUREMENT SPECIALIST,23,102444.0,103169.73913043478,89112.0,150072.0,2372904.0
AIRPORT REGULATORY COMPLIANCE MANAGER,6,102444.0,101056.0,93384.0,107340.0,606336.0
PROGRAM MANAGER,32,102444.0,108892.125,89112.0,150072.0,3484548.0
COORD OF RESEARCH AND EVALUATION,2,102354.0,102354.0,80124.0,124584.0,204708.0
HATE CRIME VICTIM ADVOCATE,2,102354.0,102354.0,80124.0,124584.0,204708.0
HEALTH CODE ENFORCEMENT INSPECTION ANALYST,2,102150.0,102150.0,81324.0,122976.0,204300.0
CASE MANAGER ASST,3,102144.0,98144.0,90144.0,102144.0,294432.0
TESTING ADMINISTRATOR,5,101664.0,91584.0,76464.0,101664.0,457920.0
CITY PLANNER II,1,101664.0,101664.0,101664.0,101664.0,101664.0
FINANCIAL PLANNING ANALYST - EXCLD,28,101628.0,105784.71428571429,89112.0,122556.0,2961972.0
FORENSIC DATA ANALYST,5,101628.0,102544.8,89112.0,122556.0,512724.0
EMPLOYEE ASSISTANCE PROGRAM COUNSELOR,1,101628.0,101628.0,101628.0,101628.0,101628.0
SENIOR FINANCE ANALYST,1,101628.0,101628.0,101628.0,101628.0,101628.0
PUBLIC HEALTH NURSE II,37,101448.0,113612.43243243243,87504.0,141840.0,4203660.0
POOL MOTOR TRUCK DRIVER,470,101358.4,101164.36255319149,50679.2,101358.4,47547250.4
MOBILE UNIT OPERATOR,1,101358.4,101358.4,101358.4,101358.4,101358.4
MOTOR TRUCK DRIVER,953,101358.4,101372.73955928646,81078.4,104915.2,96608220.8
TREE TRIMMER,98,100609.6,94142.28571428571,70428.8,100609.6,9225944.0
ARCHITECT II,4,100284.0,98685.0,81636.0,112536.0,394740.0
YOUTH SERVICES COORD,18,100272.0,112029.33333333333,89244.0,148056.0,2016528.0
ASST MANAGER - BD OF ELECTIONS,4,100224.0,101778.0,94620.0,112044.0,407112.0
SIGN PAINTER,8,100172.8,100172.8,100172.8,100172.8,801382.4
INVESTIGATOR-COPA,40,100002.0,102963.6,84192.0,143976.0,4118544.0
REGIONAL NUTRITION COORD,2,100002.0,100002.0,97488.0,102516.0,200004.0
SANITATION LABORER,701,99403.2,90027.26619115549,64604.8,103563.2,63109113.6
LABORER,170,99403.2,95183.24705882353,64604.8,106912.0,16181152.0
CEMENT FINISHER APPRENTICE,3,99403.2,99403.2,99403.2,99403.2,298209.6
DIR / COMMUNITY LIAISON,4,99348.0,100695.0,85128.0,118956.0,402780.0
CHIEF VOUCHER EXPEDITER,16,98928.0,99224.25,77640.0,134916.0,1587588.0
SENIOR ENVIRONMENTAL INSPECTOR,11,98928.0,104226.54545454546,81324.0,134916.0,1146492.0
FINGERPRINT TECHNICIAN II,7,98928.0,92806.28571428571,74916.0,102144.0,649644.0
SUPERVISING VETERINARY TECHNICIAN,1,98928.0,98928.0,98928.0,98928.0,98928.0
SUPERVISING BRIDGE OPERATOR,3,98892.0,102104.0,98892.0,108528.0,306312.0
POLICY ANALYST-MAYOR'S OFFICE,1,98832.0,98832.0,98832.0,98832.0,98832.0
COORD OF STUDIO OPERATIONS,1,98832.0,98832.0,98832.0,98832.0,98832.0
ASST CORPORATION COUNSEL I,58,98484.0,98694.0,78108.0,130128.0,5724252.0
AGING/DISABIL RESOURCE NETWORK MGR,1,97836.0,97836.0,97836.0,97836.0,97836.0
AIRPORT FACILITIES MANAGER,19,97836.0,99732.0,85128.0,136692.0,1894908.0
SUPVSR OF FAMILY SUPPORT PROGRAMS,14,97836.0,104148.0,85128.0,136692.0,1458072.0
ADMINISTRATIVE MANAGER,9,97836.0,102457.33333333333,89112.0,143232.0,922116.0
DIR OF DISEASE INVESTIGATIONS,3,97836.0,113764.0,93384.0,150072.0,341292.0
MANAGER OF VEHICLE ADJUSTMENTS,1,97836.0,97836.0,97836.0,97836.0,97836.0
MANAGER OF MAPS AND PLATS,1,97836.0,97836.0,97836.0,97836.0,97836.0
DIR OF ADMINISTRATION II,15,97836.0,107247.2,85128.0,136692.0,1608708.0
ASST DIR OF FACILITIES MGMT,1,97836.0,97836.0,97836.0,97836.0,97836.0
BUSINESS CONSULTANT SUPERVISOR,5,97836.0,102300.0,93384.0,118956.0,511500.0
SR ANALYST - MAYOR'S OFFICE,2,97764.0,97764.0,90000.0,105528.0,195528.0
PUBLIC HEALTH NURSE I,3,97644.0,97644.0,97644.0,97644.0,292932.0
SANITARY ENGINEER II,7,97488.0,97992.0,88524.0,107628.0,685944.0
CIVIL ENGINEER III,14,97488.0,107785.71428571429,90144.0,133848.0,1509000.0
EQUITY OFFICER,10,97488.0,98086.8,92940.0,102516.0,980868.0
MICROBIOLOGIST IV,1,97488.0,97488.0,97488.0,97488.0,97488.0
IT SECURITY ANALYST - IG,1,97332.0,97332.0,97332.0,97332.0,97332.0
RESEARCH AND POLICY ANALYST - CPD,12,97332.0,102513.0,93156.0,122556.0,1230156.0
PROJECT STRATEGY MANAGER - CPD,18,97332.0,98012.0,89112.0,115992.0,1764216.0
URBAN DESIGNER,3,97332.0,95940.0,93156.0,97332.0,287820.0
EEO INVESTIGATOR,7,97332.0,96579.42857142857,82884.0,112080.0,676056.0
IT ENGINEER,1,97332.0,97332.0,97332.0,97332.0,97332.0
SUPERVISING BOOTER - PARKING,7,97302.4,97302.4,97302.4,97302.4,681116.7999999999
LOAN PROCESSING OFFICER,2,96864.0,96864.0,70752.0,122976.0,193728.0
FIREFIGHTER-EMT (RECRUIT),584,95982.0,91627.92123287672,74526.0,105906.0,53510706.0
ASST PRESS SECRETARY,5,95664.0,95611.2,88644.0,106596.0,478056.0
SHIFT SUPVSR OF AVIATION SECURITY,18,95610.0,103695.33333333333,83052.0,136692.0,1866516.0
PROCUREMENT RESEARCH ANALYST,2,95610.0,95610.0,93384.0,97836.0,191220.0
SENIOR POLICY ANALYST,6,95610.0,97912.0,83052.0,124584.0,587472.0
EXEC ADMINISTRATIVE ASST I,2,95358.0,95358.0,82140.0,108576.0,190716.0
INVESTIGATIVE ANALYST,6,95244.0,93250.0,85236.0,97332.0,559500.0
CERTIFICATION - COMPLIANCE OFFICER,12,95214.0,100154.0,84192.0,122700.0,1201848.0
AUDITOR II,20,95214.0,101091.0,81636.0,122700.0,2021820.0
ANIMAL CONTROL INSPECTOR,3,95172.0,90108.0,75444.0,99708.0,270324.0
OPERATIONS ANALYST,2,95094.0,95094.0,88524.0,101664.0,190188.0
INVESTIGATOR SPECIALIST,2,95022.0,95022.0,76476.0,113568.0,190044.0
ACCOUNTANT I,2,94872.0,94872.0,77640.0,112104.0,189744.0
OCCUPATIONAL HEALTH NURSE,2,94800.0,94800.0,91956.0,97644.0,189600.0
DECK HAND,2,94785.6,94785.6,94785.6,94785.6,189571.2
ASST TO THE ALDERMAN,45,94500.0,93295.73333333334,46428.0,144504.0,4198308.0
GRAPHIC ARTIST III,9,94452.0,94478.66666666667,70752.0,119100.0,850308.0
SUPERVISING PROPERTY CUSTODIAN,1,94452.0,94452.0,94452.0,94452.0,94452.0
HR GENERALIST - DHR,2,94452.0,94452.0,80196.0,108708.0,188904.0
WARRANTY CLERK,1,94452.0,94452.0,94452.0,94452.0,94452.0
SUPERVISING AUDIO-VISION TESTER,1,94452.0,94452.0,94452.0,94452.0,94452.0
ASST MANAGER  OF COLLECTIONS,1,94332.0,94332.0,94332.0,94332.0,94332.0
COORD OF STREET PERMITS,5,94332.0,100209.6,80124.0,124584.0,501048.0
SENIOR PRODUCER/WRITER,1,94332.0,94332.0,94332.0,94332.0,94332.0
BOOTER - PARKING,24,94265.6,94265.60000000002,94265.6,94265.6,2262374.4000000004
REHABILITATION CONSTRUCTION SPECIALIST,9,93504.0,95260.0,82644.0,108576.0,857340.0
COORD-INVENTORY MGMT & PROPERY CONTROL,3,93504.0,99268.0,85200.0,119100.0,297804.0
INFORMATION/MEDIA RETRIEVAL SPECIALIST,22,93504.0,89174.72727272728,75336.0,103608.0,1961844.0
INFORMATION COORD,30,93504.0,91671.6,82644.0,108576.0,2750148.0
SENIOR TELECOMMUNICATIONS SPECIALIST,4,93504.0,107142.0,93504.0,148056.0,428568.0
SUPERVISING PUBLIC HEALTH INSPECTOR,9,93384.0,101386.0,83052.0,130524.0,912474.0
ACCESSIBILITY INSPECTOR,1,93384.0,93384.0,93384.0,93384.0,93384.0
PROCUREMENT SPECIFICATION WRITER,2,93384.0,93384.0,93384.0,93384.0,186768.0
PUBLIC RELATIONS COORD,9,93384.0,90473.33333333333,83052.0,97836.0,814260.0
TRAINING DIRECTOR,7,93384.0,102963.42857142857,89112.0,118956.0,720744.0
SUPERVISING INVESTIGATOR,7,93384.0,99999.42857142857,83052.0,130524.0,699996.0
MANAGER OF HUMAN RESOURCES,3,93384.0,96404.0,93384.0,102444.0,289212.0
CLASSIFICATION & COMPENSATION ANALYST,2,93222.0,93222.0,89112.0,97332.0,186444.0
COMPLIANCE OFFICER,5,93156.0,94195.2,85236.0,106272.0,470976.0
TESTING SPECIALIST,1,93156.0,93156.0,93156.0,93156.0,93156.0
CITY PLANNER V,28,93156.0,93143.14285714286,85236.0,112080.0,2608008.0
LICENSING ENFORCEMENT AIDE - CITY CLERK,3,93072.0,88192.0,78432.0,93072.0,264576.0
MICROBIOLOGIST III,3,92940.0,101388.0,88524.0,122700.0,304164.0
LABOR STANDARDS INVESTIGATOR,5,92940.0,93088.8,88524.0,102516.0,465444.0
DATA BASE ANALYST,3,92940.0,90024.0,84192.0,92940.0,270072.0
ASSOCIATE FIRE PREVENTION ENGINEER,3,92940.0,92940.0,92940.0,92940.0,278820.0
PROGRAMMER/ANALYST,5,92940.0,98330.4,84192.0,122700.0,491652.0
ENVIRONMENTAL ENGINEER I,5,92940.0,100063.2,88524.0,122700.0,500316.0
WATER CHEMIST II,19,92940.0,94393.8947368421,74160.0,112236.0,1793484.0
COMPUTER APPL ANALYST II-ELECTIONS,2,92472.0,92472.0,91896.0,93048.0,184944.0
PARKING INVESTIGATOR,6,92166.0,88784.0,73728.0,94332.0,532704.0
ANIMAL CARE AIDE II,2,92142.0,92142.0,82140.0,102144.0,184284.0
ADMINISTRATIVE SUPVSR,2,91374.0,91374.0,74172.0,108576.0,182748.0
DIGITAL MEDIA SPECIALIST - CPD,4,91248.0,92361.0,89112.0,97836.0,369444.0
SENIOR PERFORMANCE ANALYST,14,91134.0,91992.85714285714,82884.0,106272.0,1287900.0
AVIATION SECURITY OFFICER-TRAINER,7,90876.0,84361.71428571429,74520.0,90876.0,590532.0
SIGN HANGER,22,90812.8,86889.16363636364,77188.8,90812.8,1911561.6
CIVIL ENGINEER II,6,90732.0,92328.0,88524.0,102516.0,553968.0
WARRANT AND EXTRADITION AIDE,19,90144.0,87745.26315789473,68616.0,108576.0,1667160.0
AUDIO-VISION TESTER,1,90144.0,90144.0,90144.0,90144.0,90144.0
PAYMENT RECONCILER,6,90144.0,82332.0,56124.0,93072.0,493992.0
PARALEGAL II,39,90144.0,94313.53846153847,68616.0,122976.0,3678228.0
FIELD PAYROLL AUDITOR,7,90108.0,89468.57142857143,74136.0,108528.0,626280.0
LEGISLATIVE BUDGET ANALYST,3,90060.0,80292.0,60756.0,90060.0,240876.0
ASST DIRECTOR - MAYOR'S OFFICE,1,90048.0,90048.0,90048.0,90048.0,90048.0
PRINCIPAL PHOTOGRAPHER,1,90000.0,90000.0,90000.0,90000.0,90000.0
INDEX EDITOR,1,90000.0,90000.0,90000.0,90000.0,90000.0
PROJECT MGR - MAYOR'S OFFICE,11,89616.0,88958.18181818182,74592.0,106632.0,978540.0
ANALYST - MAYOR'S OFFICE,5,89616.0,89186.4,81960.0,95664.0,445932.0
STATIONARY FIREMAN,18,89523.2,89523.2,89523.2,89523.2,1611417.5999999999
FISCAL POLICY ANALYST,2,89334.0,89334.0,76020.0,102648.0,178668.0
CRIMINAL INTELLIGENCE RESEARCH SPEC,1,89244.0,89244.0,89244.0,89244.0,89244.0
ASST DIR OF LIBRARY-PROGRAM AND EVENTS,1,89112.0,89112.0,89112.0,89112.0,89112.0
WEB DEVELOPER/ADMINTR-CPL,1,89112.0,89112.0,89112.0,89112.0,89112.0
INVESTIGATOR II - IG,6,89112.0,89514.0,82884.0,101628.0,537084.0
SUPERVISOR OF LAND ACQUISITION/DISPOSITION,1,89112.0,89112.0,89112.0,89112.0,89112.0
FINANCE OFFICER - EXCLD,1,89112.0,89112.0,89112.0,89112.0,89112.0
GRAPHIC ARTS & REPRO SUPERVISOR,1,89112.0,89112.0,89112.0,89112.0,89112.0
CAREER PLACEMENT COUNSELOR,4,89112.0,88143.0,85236.0,89112.0,352572.0
MANAGER OF FINANCE - INSPECTOR GENERAL,1,89112.0,89112.0,89112.0,89112.0,89112.0
CHIEF RESEARCH ANALYST,1,89112.0,89112.0,89112.0,89112.0,89112.0
PRINCIPAL OPERATIONS ANALYST,17,89112.0,91032.70588235294,82884.0,112080.0,1547556.0
APPLICATION SUPPORT LEAD,1,89112.0,89112.0,89112.0,89112.0,89112.0
OFFICE ADMINISTRATOR,1,89112.0,89112.0,89112.0,89112.0,89112.0
PROJECT COORD-EXCLUDED,2,89058.0,89058.0,69684.0,108432.0,178116.0
COMMUNITY LIVING SPECIALIST,7,88524.0,95754.85714285714,80196.0,112236.0,670284.0
FIRE COMMUNICATIONS OPERATOR I,42,87888.0,83612.28571428571,65916.0,87888.0,3511716.0
SUPVR OF POLLING-ELECTIONS,1,87432.0,87432.0,87432.0,87432.0,87432.0
WAREHOUSE SUPERVISOR-ELECTIONS,1,87432.0,87432.0,87432.0,87432.0,87432.0
ASST CNCL COMM SEC,3,87336.0,82212.0,70008.0,89292.0,246636.0
AIRPORT OPERATIONS SUPVSR I,26,87204.0,89905.84615384616,77628.0,130620.0,2337552.0
POLICY ANALYST,18,87120.0,90146.66666666667,76476.0,108432.0,1622640.0
SR SUPERVISOR-ELECTIONS,2,86982.0,86982.0,83208.0,90756.0,173964.0
SUPERVISING TRAFFIC CONTROL AIDE,26,86772.0,82438.15384615384,59064.0,102948.0,2143392.0
DETENTION AIDE,162,86772.0,87270.66666666667,56328.0,102948.0,14137848.0
POLICE COMMUNICATIONS OPERATOR II,200,86772.0,91843.26,67884.0,123924.0,18368652.0
AVIATION COMMUNICATIONS OPERATOR,45,86772.0,89099.46666666666,67884.0,123924.0,4009476.0
AVIATION SECURITY SERGEANT,34,86556.0,93734.82352941176,75276.0,126696.0,3186984.0
ASST TO THE CITY TREASURER,9,86520.0,89150.66666666667,68232.0,116592.0,802356.0
LABOR RELATIONS SPECIALIST,1,86088.0,86088.0,86088.0,86088.0,86088.0
SUPERVISING CLERK,1,85980.0,85980.0,85980.0,85980.0,85980.0
HR RECORDS SPECIALIST,6,85734.0,85224.0,77640.0,94452.0,511344.0
PRESS AIDE II,2,85332.0,85332.0,75000.0,95664.0,170664.0
SENIOR RISK ANALYST,2,85284.0,85284.0,81324.0,89244.0,170568.0
SENIOR BUDGET ANALYST,3,85236.0,90256.0,82884.0,102648.0,270768.0
PERFORMANCE ANALYST,15,85236.0,84372.8,76020.0,97332.0,1265592.0
SUPVSR OF 311 OPERATIONS,8,85200.0,98347.5,77640.0,134916.0,786780.0
EMERGENCY MANAGEMENT COORD,7,85200.0,84250.28571428571,77640.0,93504.0,589752.0
DIGITAL FORENSIC ANALYST - COPA,3,85200.0,87968.0,85200.0,93504.0,263904.0
ENGINEERING TECHNICIAN V,7,85200.0,102279.42857142857,75336.0,134916.0,715956.0
SENIOR ZONING PLAN EXAMINER,9,85200.0,92954.66666666667,68616.0,122976.0,836592.0
COMMUNITY OUTREACH COORD,13,85200.0,85030.15384615384,75336.0,113628.0,1105392.0
PUBLIC HEALTH ADMINISTRATOR II,26,85200.0,94913.07692307692,77640.0,134916.0,2467740.0
CRIMINAL HISTORY ANALYST,18,85200.0,96576.0,75336.0,134916.0,1738368.0
ENGINEERING TECHNICIAN IV,5,85200.0,96645.6,70752.0,122976.0,483228.0
PROGRAMMER-BOARD OF ELECTIONS,1,85176.0,85176.0,85176.0,85176.0,85176.0
WATER METER ASSESSOR,11,85176.0,86349.81818181818,77628.0,103572.0,949848.0
SUPERVISING PARALEGAL,9,85128.0,88998.66666666667,76476.0,124584.0,800988.0
SUPERVISING PROGRAM AUDITOR,3,85128.0,86528.0,80124.0,94332.0,259584.0
COORD OF PAYMENT SERVICES,1,85128.0,85128.0,85128.0,85128.0,85128.0
MANAGER - AVIATION ID BADGING OPERATIONS,5,85128.0,86868.0,80124.0,98832.0,434340.0
SR TELEVISION PRODUCTION SPEC,1,85128.0,85128.0,85128.0,85128.0,85128.0
SR INFORMATION ANALYST-IGO,3,85128.0,85764.0,83052.0,89112.0,257292.0
E DISCOVERY SPECIALIST,1,85128.0,85128.0,85128.0,85128.0,85128.0
AMERICAN SIGN LANGUAGE INTERPRETER,3,85128.0,85128.0,85128.0,85128.0,255384.0
SUPERVISING PUBLIC HEALTH ADMINISTRATOR,9,85128.0,91688.0,83052.0,118956.0,825192.0
SUPVSR OF BOOTING OPERATIONS,1,85128.0,85128.0,85128.0,85128.0,85128.0
EXEC ADMINISTRATIVE ASST II,43,85128.0,91050.97674418605,76476.0,124584.0,3915192.0
FIELD SUPVSR II - PARKING ENFORCEMENT,2,84966.0,84966.0,79056.0,90876.0,169932.0
REPROGRAPHICS COORD,2,84840.0,84840.0,70752.0,98928.0,169680.0
SIGN PAINTER HELPER,2,84822.4,84822.4,84822.4,84822.4,169644.8
CERTIFIED MEDICAL ASST,8,84804.0,77007.0,51108.0,84804.0,616056.0
PRINCIPAL STOREKEEPER,1,84804.0,84804.0,84804.0,84804.0,84804.0
AUDIO-VISUAL SPECIALIST,4,84684.0,84780.0,67608.0,102144.0,339120.0
WORKERS COMPENSATION CLAIMS COORD,2,84516.0,84516.0,83052.0,85980.0,169032.0
REPROGRAPHICS TECHNICIAN III,6,84288.0,79222.0,56124.0,93072.0,475332.0
CITY FORESTER,3,84192.0,84192.0,84192.0,84192.0,252576.0
CLINICAL THERAPIST II,9,84192.0,84192.0,84192.0,84192.0,757728.0
MICROBIOLOGIST II,4,84192.0,81684.0,74160.0,84192.0,326736.0
MECHANICAL ENGINEER II,3,84192.0,86256.0,81636.0,92940.0,258768.0
QUALITY MGMT ANALYST - COPA,3,84192.0,92364.0,84192.0,108708.0,277092.0
RECRUITING COORDINATOR,9,84192.0,85248.0,80196.0,92940.0,767232.0
ATTORNEY (IGO),2,84060.0,84060.0,82884.0,85236.0,168120.0
LAMP MAINTENANCE WORKER,29,83824.0,88159.72413793103,73340.8,104769.6,2556632.0
ADMINISTRATIVE SERVICES OFFICER II EXCLD,5,83052.0,93060.0,80124.0,113568.0,465300.0
PROCUREMENT PROPOSAL COORD,1,83052.0,83052.0,83052.0,83052.0,83052.0
COORD OF ECON DEV I - PLNG & DEV,10,83052.0,82902.0,76476.0,94332.0,829020.0
HOUSING DEVELOPMENT COORD,3,83052.0,82076.0,80124.0,83052.0,246228.0
MANAGER OF BUILDINGS SERVICES,5,83052.0,99664.8,83052.0,124584.0,498324.0
LANDSIDE OPERATION MANAGER,6,83052.0,90176.0,76476.0,113568.0,541056.0
SENIOR OPERATIONS ANALYST,2,82914.0,82914.0,81636.0,84192.0,165828.0
ASSOCIATE STAFF ATTORNEY,8,82884.0,82489.5,79728.0,82884.0,659916.0
ENVIRONMENTAL HEALTH & SAFETY COORD,3,82884.0,83668.0,82884.0,85236.0,251004.0
POLICE COMMUNICATIONS OPERATOR I,175,82836.0,83724.82285714286,61824.0,112956.0,14651844.0
LEGISLATIVE ASST,2,82740.0,82740.0,82740.0,82740.0,165480.0
EMERGENCY MANAGEMENT COMMUNICATIONS OFFICER,8,82140.0,80164.5,64488.0,94452.0,641316.0
HEAD LIBRARY CLERK,86,82140.0,77463.3488372093,51936.0,93072.0,6661848.0
LEGISLATIVE AIDE,71,82008.0,84573.97183098592,43008.0,163908.0,6004752.0
FILTRATION ENGINEER II,14,81636.0,84067.71428571429,81636.0,97488.0,1176948.0
ASSOCIATE MENTAL HEALTH CRISIS CLINICIAN,1,81636.0,81636.0,81636.0,81636.0,81636.0
INVESTIGATOR,19,81324.0,79992.0,70752.0,90144.0,1519848.0
PROJECT COORD,97,81324.0,89825.56701030929,75336.0,130668.0,8713080.0
SENIOR LAND DISPOSITION OFFICER,3,81324.0,87524.0,77640.0,103608.0,262572.0
DENTAL HYGIENIST,1,81324.0,81324.0,81324.0,81324.0,81324.0
MEDICAL SERVICES COORD - CPD,8,81324.0,86515.5,70752.0,122976.0,692124.0
TRAINING OFFICER,63,81324.0,89091.42857142857,75336.0,134916.0,5612760.0
PUBLIC RELATIONS REPRESENTATIVE III,7,81324.0,91294.28571428571,77640.0,134916.0,639060.0
PROGRAM ANALYST,4,81324.0,93225.0,75336.0,134916.0,372900.0
ASSOCIATE DISABILITY OFFICER,4,81306.0,81894.0,79728.0,85236.0,327576.0
WATER RATE TAKER,18,81276.0,88572.0,70740.0,119052.0,1594296.0
FIELD SERVICE SPECIALIST II,28,81276.0,87815.57142857143,70740.0,119052.0,2458836.0
COORD OF SECURITY SERVICES,1,80916.0,80916.0,80916.0,80916.0,80916.0
ASST SUPVSR OF DATA ENTRY OPERATORS,1,80916.0,80916.0,80916.0,80916.0,80916.0
SENIOR VIDEOGRAPHER,3,80916.0,74916.0,57852.0,85980.0,224748.0
SUPVSR OF CHILDREN SERVICES PROGRAMS,6,80124.0,80350.0,76476.0,85128.0,482100.0
ASST AGING/DISABIL RESOURCE NETWORK MGR,1,80124.0,80124.0,80124.0,80124.0,80124.0
ADMINISTRATIVE ASST TO DEPUTY CORPORATION COUNSEL,15,80124.0,90394.4,69684.0,113568.0,1355916.0
ASSISTANT AIRPORT MANAGER,3,80124.0,90056.0,76476.0,113568.0,270168.0
ASSISTANT SUPERVISOR OF FAMILY SUPPORT PROGRAMS,9,80124.0,82722.66666666667,72996.0,108432.0,744504.0
STUDIO EQUIPMENT ENGINEER,3,80124.0,91272.0,80124.0,113568.0,273816.0
CULTURAL AFFAIRS COORD II,20,80124.0,79784.4,69684.0,98832.0,1595688.0
EQUIPMENT RENTAL COORD,1,80124.0,80124.0,80124.0,80124.0,80124.0
CASE ANALYST,1,80124.0,80124.0,80124.0,80124.0,80124.0
PROGRAM SPECIALIST,20,80124.0,86574.0,69684.0,113568.0,1731480.0
HEALTH INFORMATION SPECIALIST,1,79728.0,79728.0,79728.0,79728.0,79728.0
ASSOC CLASSIFICATION & COMP ANALYST,1,79728.0,79728.0,79728.0,79728.0,79728.0
PROGRAMMER/ANALYST - EXCLD,1,79728.0,79728.0,79728.0,79728.0,79728.0
SR LABOR RELATIONS SPECIALIST,3,79728.0,79544.0,76020.0,82884.0,238632.0
ADA COMPLIANCE OFFICER - B OF E,1,79176.0,79176.0,79176.0,79176.0,79176.0
A/SUPRV REDISTRICTING,3,79092.0,78544.0,73440.0,83100.0,235632.0
AVIATION SECURITY OFFICER,299,79056.0,82164.80267558528,61824.0,112956.0,24567276.0
VEHICLE REGISTRATION COORD,2,78876.0,78876.0,67608.0,90144.0,157752.0
BRIDGE OPERATOR,40,78432.0,81821.4,58728.0,98892.0,3272856.0
PROPERTY CUSTODIAN,21,78432.0,79841.14285714286,58764.0,93072.0,1676664.0
SENIOR OFFICE ASSISTANT,84,78432.0,71934.28571428571,47364.0,84804.0,6042480.0
PUBLIC RELATIONS REP III - EXCLD,4,78300.0,86661.0,76476.0,113568.0,346644.0
COMMUNITY INTERVENTION SPECIALIST,12,77748.0,79862.0,68616.0,113628.0,958344.0
CASE LIAISON - COPA,4,77748.0,80175.0,70752.0,94452.0,320700.0
PUBLIC RELATIONS REPRESENTATIVE II,2,77640.0,77640.0,77640.0,77640.0,155280.0
CONTRACTS REVIEW SPECIALIST II,13,77640.0,82923.69230769231,68616.0,122976.0,1078008.0
SENIOR ADMINISTRATIVE ASSISTANT,132,77640.0,86945.18181818182,62544.0,112104.0,11476764.0
BUSINESS CONSULTANT,8,77640.0,78100.5,77640.0,81324.0,624804.0
ACCIDENT ADJUSTER,3,77640.0,85140.0,74172.0,103608.0,255420.0
LEAVE OF ABSENCE ADMIN,3,77640.0,77640.0,77640.0,77640.0,232920.0
SENIOR PROGRAM AUDITOR,28,77640.0,94837.28571428571,75336.0,134916.0,2655444.0
ADMINISTRATIVE SERVICES OFFICER I,50,77640.0,87945.84,67572.0,122976.0,4397292.0
GIS ANALYST,2,77640.0,77640.0,77640.0,77640.0,155280.0
SENIOR STOREKEEPER,5,77352.0,77325.6,74916.0,82092.0,386628.0
SENIOR LIBRARY CLERK,19,77352.0,74166.94736842105,46560.0,77352.0,1409172.0
INVESTIGATIVE ANALYST - CPD,9,76960.0,67340.0,38480.0,76960.0,606060.0
TELEVISION PRODUCTION SPEC,3,76476.0,76796.0,72996.0,80916.0,230388.0
SUPVSR OF PERSONNEL SERVICES,1,76476.0,76476.0,76476.0,76476.0,76476.0
FINANCIAL ANALYST,7,76476.0,80379.42857142857,69684.0,113568.0,562656.0
LIBRARIAN I,147,76464.0,82094.5306122449,67284.0,101664.0,12067896.0
ELDER PROTECTIVE INVESTIGATOR I,8,76464.0,83388.0,69396.0,101664.0,667104.0
SUPERVISING PUBLIC HEALTH NUTRITIONIST,6,76464.0,76318.0,74160.0,80196.0,457908.0
SUPVR OF MAILROOM OPERATIONS,1,76284.0,76284.0,76284.0,76284.0,76284.0
ANIMAL CONTROL OFFICER,14,76206.0,75580.28571428571,56328.0,93828.0,1058124.0
SAFETY SPECIALIST,14,75882.0,80864.57142857143,70740.0,122976.0,1132104.0
SENIOR INFORMATION ANALYST,1,75336.0,75336.0,75336.0,75336.0,75336.0
INFORMATION SERVICES COORD,5,75336.0,86628.0,75336.0,113628.0,433140.0
PHOTOGRAPHER,1,75000.0,75000.0,75000.0,75000.0,75000.0
DISPATCH CLERK,7,74916.0,79338.85714285714,61548.0,102144.0,555372.0
LABORER - APPRENTICE,39,74838.4,81691.73333333334,64147.2,96220.8,3185977.6
ARCHIVAL SPECIALIST,4,74796.0,76350.0,67284.0,88524.0,305400.0
ADVANCE,3,74592.0,74592.0,74592.0,74592.0,223776.0
LIBRARY ASSOCIATE,48,74574.0,77423.0,62976.0,92316.0,3716304.0
SUPVR REGISTRATION-ELECTIONS,1,74424.0,74424.0,74424.0,74424.0,74424.0
OFFICE ASSISTANT,6,74394.0,65192.0,43164.0,77352.0,391152.0
DIGITAL MEDIA COORDINATOR,1,74172.0,74172.0,74172.0,74172.0,74172.0
NON-CDL DRIVER,10,73985.6,73985.6,73985.6,73985.6,739856.0
ADMINISTRATIVE ASST II - EXCLUDED,1,73728.0,73728.0,73728.0,73728.0,73728.0
ADMINISTRATIVE ASST,7,73032.0,81881.14285714286,63312.0,118956.0,573168.0
ASSOCIATE HUMAN RESOURCES BUSINESS PARTNER-EXCLD,1,72996.0,72996.0,72996.0,72996.0,72996.0
RISK ANALYST,1,72996.0,72996.0,72996.0,72996.0,72996.0
CURATOR OF EXHIBITS,1,72996.0,72996.0,72996.0,72996.0,72996.0
COORD OF SECURITY AND FIRE SAFETY,3,72996.0,75372.0,72996.0,80124.0,226116.0
INFORMATION ANALYST (IGO),2,72996.0,72996.0,72996.0,72996.0,145992.0
FLEET SERVICES SUPVSR,6,72987.2,72987.2,72987.2,72987.2,437923.19999999995
FREEDOM OF INFORMATION ACT OFFICER,8,72462.0,75385.5,68616.0,85200.0,603084.0
INVESTIGATOR I - IG,6,72384.0,75358.0,72384.0,82884.0,452148.0
FIELD SUPVSR I - PARKING ENFORCEMENT,10,72036.0,74092.8,53820.0,93828.0,740928.0
COMMUNITY SERVICES REP - B OF E,3,71652.0,72248.0,71652.0,73440.0,216744.0
PROCESS SERVER,5,71436.0,71436.0,71436.0,71436.0,357180.0
COMMUNITY ORGANIZER-CAPS,26,70752.0,80077.38461538461,62544.0,112104.0,2082012.0
PROGRAM COORD,1,70752.0,70752.0,70752.0,70752.0,70752.0
COMMUNITY INTERVENTION SPECIALIST-SPANISH,1,70752.0,70752.0,70752.0,70752.0,70752.0
COMMUNICATIONS OPERATOR II - 311,5,70752.0,78439.2,61548.0,102144.0,392196.0
DATA ANALYST,1,70752.0,70752.0,70752.0,70752.0,70752.0
VICTIM SPECIALIST,50,70752.0,70937.28,68616.0,108576.0,3546864.0
DIGITAL ASSET COORDINATOR,1,70752.0,70752.0,70752.0,70752.0,70752.0
SUPERVISING WATCHMAN,4,70428.8,70428.8,70428.8,70428.8,281715.2
SUPERVISING WATCHMAN-WATER MANAGEMENT,2,70428.8,70428.8,70428.8,70428.8,140857.6
FLEET SERVICES ASST,80,69929.6,69929.6,69929.6,69929.6,5594368.0
DIGITAL RETRIVAL SPECIALIST - CPD,16,69684.0,72340.5,69684.0,80916.0,1157448.0
PHOTOGRAPHIC SPECIALIST-PUBLIC SAFETY,1,69684.0,69684.0,69684.0,69684.0,69684.0
BENEFITS SPECIALIST,1,69684.0,69684.0,69684.0,69684.0,69684.0
SHIFT SUPVSR OF AIRPORT GROUND TRANSPORTATION,3,69684.0,77900.0,69684.0,94332.0,233700.0
INVESTIGATOR-INTERNAL AFFAIRS,13,69684.0,70991.07692307692,63504.0,103488.0,922884.0
STAFF ASST TO THE ALDERMAN,132,69408.0,70763.27272727272,41256.0,132960.0,9340752.0
HELP DESK TECHNICIAN,2,69180.0,69180.0,67608.0,70752.0,138360.0
ASST SERGEANT AT ARMS,4,68964.0,73815.0,66840.0,90492.0,295260.0
AIRPORT OPERATIONS CENTER COORD,8,68904.0,70602.0,65808.0,75600.0,564816.0
FOREMAN OF STATION LABORERS,1,68334.48,68334.48,68334.48,68334.48,68334.48
ADMINISTRATIVE ASSISTANT,178,68256.0,72729.50561797753,51936.0,93072.0,12945852.0
PROPERTY CUSTODIAN - AUTO POUND,28,68256.0,73135.28571428571,51936.0,93072.0,2047788.0
POLICE ADMINISTRATIVE CLERK,74,68256.0,67531.94594594595,56124.0,93072.0,4997364.0
TIMEKEEPER - CPD,30,67620.0,73754.8,58764.0,102144.0,2212644.0
ONBOARDING SPECIALIST,6,67608.0,68132.0,67608.0,70752.0,408792.0
LEGAL SECRETARY,5,67608.0,79413.6,67608.0,112104.0,397068.0
DOCUMENTATION SPECIALIST - CITY CLERK,9,67608.0,71270.66666666667,57000.0,102144.0,641436.0
PUBLIC HEALTH NUTRITIONIST,10,67284.0,68128.8,67284.0,69396.0,681288.0
AVIATION SURVEILLANCE SPECIALIST,11,66972.0,65864.72727272728,61032.0,66972.0,724512.0
SUPERVISING PROCESS SERVER,1,66516.0,66516.0,66516.0,66516.0,66516.0
STAFF ASSISTANT - EXCLUDED,12,66516.0,71766.0,63504.0,94332.0,861192.0
ADMIN SERVICES OFFICER I-EXCLUDED,1,66516.0,66516.0,66516.0,66516.0,66516.0
COORD OF MAINTENANCE REPAIRS,1,66516.0,66516.0,66516.0,66516.0,66516.0
BUDGET ANALYST,6,65616.0,67960.0,62508.0,76020.0,407760.0
UNIT ASST,9,65112.0,68466.66666666667,53532.0,84804.0,616200.0
VETERINARY ASST,5,64488.0,80136.0,64488.0,103608.0,400680.0
ACCOUNTING TECHNICIAN,69,64488.0,73113.56521739131,57000.0,102144.0,5044836.0
PREPRESS TECHNICIAN,1,64488.0,64488.0,64488.0,64488.0,64488.0
SUPERVISING ANIMAL CARE CLERK,1,64488.0,64488.0,64488.0,64488.0,64488.0
LABORATORY TECHNICIAN III,7,64488.0,73597.71428571429,58764.0,102144.0,515184.0
ENGINEERING TECHNICIAN III,1,64488.0,64488.0,64488.0,64488.0,64488.0
FOREMAN OF WINDOW WASHERS,1,63648.0,63648.0,63648.0,63648.0,63648.0
ANIMAL PLACEMENT COORD,3,63504.0,66912.0,63504.0,73728.0,200736.0
ADMINISTRATIVE SUPERVISOR - EXCLUDED,1,63504.0,63504.0,63504.0,63504.0,63504.0
ELECTION EQUIPMENT & SUPPLY SPEC III,2,63402.0,63402.0,60276.0,66528.0,126804.0
MACHINIST - APPRENTICE,1,62816.0,62816.0,62816.0,62816.0,62816.0
TRAFFIC CONTROL AIDE,48,62676.0,61280.75,46824.0,85500.0,2941476.0
WINDOW WASHER,9,61984.0,61984.0,61984.0,61984.0,557856.0
PRESS AIDE I,1,61800.0,61800.0,61800.0,61800.0,61800.0
ASST COMMUNITY LIVING SPECIALIST,26,61548.0,69499.84615384616,57000.0,102144.0,1806996.0
CLERK IV - TIMEKEEPER,21,61548.0,67772.0,57000.0,102144.0,1423212.0
GRAPHIC ARTIST II,1,61548.0,61548.0,61548.0,61548.0,61548.0
SANITATION CLERK,37,61524.0,70015.13513513513,53520.0,90108.0,2590560.0
DISTRICT CLERK - ASPHALT,4,61524.0,63750.0,53520.0,78432.0,255000.0
EMS SUPERVISOR,2,60678.0,60678.0,57852.0,63504.0,121356.0
TECHNICAL SUPPORT ADMIN - IGO,1,60660.0,60660.0,60660.0,60660.0,60660.0
HUMAN RESOURCES ASSOCIATE - IG,1,60660.0,60660.0,60660.0,60660.0,60660.0
SENIOR STUDIO EQUIPMENT OPERATOR,1,60660.0,60660.0,60660.0,60660.0,60660.0
PARALEGAL II - LABOR,1,60660.0,60660.0,60660.0,60660.0,60660.0
CUSTOMER SERVICES SUPVSR,1,60660.0,60660.0,60660.0,60660.0,60660.0
AIRPORT INFORMATION COORDINATOR,4,60660.0,60669.0,57852.0,63504.0,242676.0
POLLING PLACE INVESTIGATOR II,1,60276.0,60276.0,60276.0,60276.0,60276.0
ADMINISTRATIVE ASST III - EXCLUDED,4,59256.0,65586.0,57852.0,85980.0,262344.0
POLLING PLACE INVESTIGATOR III,1,58812.0,58812.0,58812.0,58812.0,58812.0
WATCHMAN,51,58801.6,58801.6,58801.6,58801.6,2998881.6
ANIMAL CARE AIDE I,11,58764.0,61378.90909090909,51936.0,90144.0,675168.0
HEAD STOREKEEPER,5,58764.0,65748.0,51936.0,93072.0,328740.0
CUSTOMER ACCOUNT REPRESENTATIVE,5,58764.0,62846.4,53532.0,74916.0,314232.0
PAYMENT SERVICES REPRESENTATIVE,39,58764.0,66517.23076923077,51936.0,93072.0,2594172.0
COMMUNICATIONS OPERATOR I - 311,34,58764.0,62840.82352941176,51936.0,93072.0,2136588.0
ANIMAL CARE CLERK,4,58212.0,59949.0,51936.0,71436.0,239796.0
COMPLAINT INTAKE SPECIALIST - IGO,3,57852.0,56992.0,55272.0,57852.0,170976.0
STATION LABORER,21,57479.4,57614.666666666664,57479.4,60320.0,1209908.0
BEHAVIORAL HEALTH ASSISTANT,12,57444.0,68925.0,53532.0,93072.0,827100.0
PRINCIPAL CLERK-ELECTIONS,15,57372.0,60772.8,45948.0,77160.0,911592.0
SENIOR CLERK-ELECTIONS,16,57372.0,59928.75,47088.0,69912.0,958860.0
INTAKE AIDE,1,56124.0,56124.0,56124.0,56124.0,56124.0
COLLECTIONS REPRESENTATIVE,13,56124.0,56578.153846153844,51936.0,64488.0,735516.0
AIRPORT INFORMATION AMBASSADOR,22,56124.0,54920.72727272727,51936.0,58764.0,1208256.0
DISTRICT CLERK,17,56112.0,57470.82352941176,53520.0,71412.0,977004.0
CLERK III - EXCLD,1,55848.0,55848.0,55848.0,55848.0,55848.0
COMPLAINT INTAKE SPECIALIST,1,55272.0,55272.0,55272.0,55272.0,55272.0
GENERAL LABORER - AVIATION,30,54662.4,54662.4,54662.4,54662.4,1639872.0
GENERAL LABORER - DSS,167,54662.4,55853.106586826354,54662.4,74547.2,9327468.8
COMPUTER APPL ANALYST I-ELECTIONS,2,54624.0,54624.0,54624.0,54624.0,109248.0
SUPERVISING ENFORCEMENT TECH,2,54084.0,54084.0,48828.0,59340.0,108168.0
EMERGENCY MEDICAL TECHNICIAN,4,53532.0,53532.0,53532.0,53532.0,214128.0
ELECTION EQUIPMENT & SUPPLY SPEC II,4,52632.0,53451.0,48264.0,60276.0,213804.0
PARKING ENFORCEMENT AIDE,108,51348.0,56514.11111111111,46824.0,85500.0,6103524.0
INQUIRY AIDE III,13,51108.0,53797.846153846156,47364.0,84804.0,699372.0
LIBRARY CLERK,110,48864.0,54401.01818181818,44460.0,77352.0,5984112.0
WATER QUALITY INSPECTOR,3,48864.0,48864.0,48864.0,48864.0,146592.0
CLERK - BD OF ELECTIONS,25,48264.0,46519.2,40620.0,60276.0,1162980.0
FOREMAN OF CUSTODIAL WORKERS,6,47424.0,48689.333333333336,47424.0,55016.0,292136.0
REPROGRAPHICS TECHNICIAN II,2,46560.0,46560.0,46560.0,46560.0,93120.0
TRAFFIC ENFORCEMENT TECH,32,44460.0,44720.625,40560.0,59340.0,1431060.0
ELECTION EQUIPMENT & SUPPLY SPEC I,4,44274.0,45483.0,42672.0,50712.0,181932.0
CUSTODIAL WORKER,89,41600.0,43422.92134831461,39520.0,54184.0,3864640.0
STUDENT INTERN - MAYOR'S FELLOWS,8,40040.0,40040.0,40040.0,40040.0,320320.0
TACTICAL REVIEW ANALYST-CPD,2,38480.0,38480.0,38480.0,38480.0,76960.0
LIBRARIAN I - HOURLY,1,37013.6,37013.6,37013.6,37013.6,37013.6
LIBRARY ASSOCIATE - HOURLY,69,33592.0,33592.0,33592.0,33592.0,2317848.0
ANIMAL CARE CLERK - HOURLY,4,30586.4,30586.4,30586.4,30586.4,122345.6
STUDENT INTERN - ALDERMANIC,29,30212.0,30212.0,30212.0,30212.0,876148.0
AVIATION SECURITY OFFICER - HOURLY,5,29910.4,29910.4,29910.4,29910.4,149552.0
TRAFFIC CONTROL AIDE-HOURLY,187,26561.6,26750.168983957217,26561.6,61824.0,5002281.6
SENIOR LIBRARY CLERK - HOURLY,1,23732.8,23732.8,23732.8,23732.8,23732.8
LIBRARY CLERK - HOURLY,61,23732.8,23732.8,23732.8,23732.8,1447700.8
ALDERMANIC AIDE,95,21320.0,22569.58736842105,8632.0,48880.0,2144110.8
STUDENT INTERN,50,19760.0,20604.48,17264.0,36400.0,1030224.0
LIBRARY PAGE,153,19344.0,19199.351633986927,17960.8,19344.0,2937500.8
POLICE CADET,15,17264.0,17264.0,17264.0,17264.0,258960.0
HOSPITALITY WORKER,46,17264.0,17264.0,17264.0,17264.0,794144.0
PROGRAM AIDE,9,16848.0,16986.666666666668,16848.0,17264.0,152880.0
SENIOR COMPANION,60,4919.2,4919.2,4919.2,4919.2,295152.0
FOSTER GRANDPARENT,121,4919.2,4919.2,4919.2,4919.2,595223.2
LAW CLERK,17,199.2,5245.270588235295,199.2,30212.0,89169.6
